ticker,name
AED=X,USD/AED
AEDAUD=X,AED/AUD
AEDBHD=X,AED/BHD
AEDCAD=X,AED/CAD
AEDCHF=X,AED/CHF
AEDCNY=X,AED/CNY
AEDCZK=X,AED/CZK
AEDDKK=X,AED/DKK
AEDEGP=X,UAE Dirham (b) vs Egyptian Poun
AEDEUR=X,AED/EUR
AEDGBP=X,AED/GBP
AEDHKD=X,AED/HKD
AEDHUF=X,AED/HUF
AEDIDR=X,AED/IDR
AEDILS=X,AED/ILS
AEDINR=X,AED/INR
AEDIQD=X,AED/IQD
AEDISK=X,AED/ISK
AEDJOD=X,AED/JOD
AEDJPY=X,AED/JPY
AEDKES=X,AED/KES
AEDKRW=X,AED/KRW
AEDKWD=X,AED/KWD
AEDLKR=X,AED/LKR
AEDLTL=X,AED/LTL
AEDLVL=X,AED/LVL
AEDMAD=X,AED/MAD
AEDMUR=X,AED/MUR
AEDMXN=X,AED/MXN
AEDNOK=X,AED/NOK
AEDNZD=X,AED/NZD
AEDOMR=X,AED/OMR
AEDPHP=X,AED/PHP
AEDPKR=X,AED/PKR
AEDPLN=X,AED/PLN
AEDQAR=X,AED/QAR
AEDRUB=X,AED/RUB
AEDSAR=X,AED/SAR
AEDSEK=X,AED/SEK
AEDSGD=X,AED/SGD
AEDTHB=X,AED/THB
AEDTND=X,AED/TND
AEDTRY=X,AED/TRY
AEDTWD=X,AED/TWD
AEDUSD=X,AED/USD
AEDXDR=X,AED/XDR
AEDZAR=X,AED/ZAR
AFN=X,USD/AFN
AFNCHF=X,AFN/CHF
AFNEUR=X,AFN/EUR
AFNUSD=X,AFN/USD
ALL=X,USD/ALL
ALLCHF=X,ALL/CHF
ALLEUR=X,ALL/EUR
ALLGBP=X,ALL/GBP
ALLUSD=X,ALL/USD
AMD=X,USD/AMD
ANG=X,USD/ANG
ANGCAD=X,ANG/CAD
ANGCHF=X,ANG/CHF
ANGEUR=X,ANG/EUR
ANGGBP=X,ANG/GBP
ANGSRD=X,ANG/SRD
ANGUSD=X,ANG/USD
ANGZAR=X,ANG/ZAR
AOA=X,USD/AOA
AOACHF=X,AOA/CHF
AOAEUR=X,AOA/EUR
AOAGBP=X,AOA/GBP
AOAUSD=X,AOA/USD
ARS=X,USD/ARS
ARSAUD=X,ARS/AUD
ARSBOB=X,ARS/BOB
ARSBRL=X,ARS/BRL
ARSCAD=X,ARS/CAD
ARSCHF=X,ARS/CHF
ARSCLP=X,ARS/CLP
ARSCOP=X,ARS/COP
ARSDKK=X,ARS/DKK
ARSEUR=X,ARS/EUR
ARSGBP=X,ARS/GBP
ARSHKD=X,ARS/HKD
ARSJPY=X,ARS/JPY
ARSKRW=X,ARS/KRW
ARSMXN=X,ARS/MXN
ARSPEN=X,ARS/PEN
ARSPYG=X,ARS/PYG
ARSSGD=X,ARS/SGD
ARSTHB=X,ARS/THB
ARSUSD=X,ARS/USD
ARSUYU=X,ARS/UYU
ARSVEF=X,ARS/VEF
AUD=X,USD/AUD
AUDAED=X,AUD/AED
AUDANG=X,AUD/ANG
AUDARS=X,AUD/ARS
AUDAWG=X,AUD/AWG
AUDBAM=X,AUD/BAM
AUDBBD=X,AUD/BBD
AUDBHD=X,AUD/BHD
AUDBMD=X,AUD/BMD
AUDBOB=X,AUD/BOB
AUDBRL=X,AUD/BRL
AUDBSD=X,AUD/BSD
AUDBWP=X,AUD/BWP
AUDBZD=X,AUD/BZD
AUDCAD=X,AUD/CAD
AUDCHF=X,AUD/CHF
AUDCLP=X,AUD/CLP
AUDCNH=X,AUD/CNH
AUDCNY=X,AUD/CNY
AUDCOP=X,AUD/COP
AUDCRC=X,AUD/CRC
AUDCZK=X,AUD/CZK
AUDDKK=X,AUD/DKK
AUDDOP=X,AUD/DOP
AUDEGP=X,AUD/EGP
AUDERN=X,AUD/ERN
AUDEUR=X,AUD/EUR
AUDFJD=X,AUD/FJD
AUDGBP=X,AUD/GBP
AUDGHS=X,AUD/GHS
AUDGIP=X,AUD/GIP
AUDGTQ=X,AUD/GTQ
AUDHKD=X,AUD/HKD
AUDHNL=X,AUD/HNL
AUDHRK=X,AUD/HRK
AUDHUF=X,AUD/HUF
AUDIDR=X,AUD/IDR
AUDILS=X,AUD/ILS
AUDINR=X,AUD/INR
AUDISK=X,AUD/ISK
AUDJMD=X,AUD/JMD
AUDJOD=X,AUD/JOD
AUDJPY=X,AUD/JPY
AUDKES=X,AUD/KES
AUDKRW=X,AUD/KRW
AUDKWD=X,AUD/KWD
AUDKYD=X,AUD/KYD
AUDLKR=X,AUD/LKR
AUDLTL=X,AUD/LTL
AUDLVL=X,AUD/LVL
AUDMAD=X,AUD/MAD
AUDMGA=X,AUD/MGA
AUDMOP=X,AUD/MOP
AUDMUR=X,AUD/MUR
AUDMXN=X,AUD/MXN
AUDMYR=X,AUD/MYR
AUDNOK=X,AUD/NOK
AUDNZD=X,AUD/NZD
AUDOMR=X,AUD/OMR
AUDPEN=X,AUD/PEN
AUDPHP=X,AUD/PHP
AUDPKR=X,AUD/PKR
AUDPLN=X,AUD/PLN
AUDPYG=X,AUD/PYG
AUDQAR=X,AUD/QAR
AUDRON=X,AUD/RON
AUDRSD=X,AUD/RSD
AUDRUB=X,AUD/RUB
AUDSAR=X,AUD/SAR
AUDSCR=X,AUD/SCR
AUDSEK=X,AUD/SEK
AUDSGD=X,AUD/SGD
AUDSVC=X,AUD/SVC
AUDSYP=X,AUD/SYP
AUDTHB=X,AUD/THB
AUDTJS=X,AUD/TJS
AUDTMT=X,AUD/TMT
AUDTND=X,AUD/TND
AUDTRY=X,AUD/TRY
AUDTTD=X,AUD/TTD
AUDTWD=X,AUD/TWD
AUDUGX=X,AUD/UGX
AUDUSD=X,AUD/USD
AUDUYU=X,AUD/UYU
AUDVEF=X,AUD/VEF
AUDXCD=X,AUD/XCD
AUDXDR=X,AUD/XDR
AUDXPF=X,AUD/XPF
AUDZAR=X,AUD/ZAR
AWG=X,USD/AWG
AWGCHF=X,AWG/CHF
AWGEUR=X,AWG/EUR
AWGGBP=X,AWG/GBP
AWGUSD=X,AWG/USD
AZN=X,USD/AZN
AZNCHF=X,AZN/CHF
AZNEUR=X,AZN/EUR
AZNGBP=X,AZN/GBP
AZNUSD=X,AZN/USD
BAM=X,USD/BAM
BAMCHF=X,BAM/CHF
BAMEUR=X,BAM/EUR
BAMGBP=X,BAM/GBP
BAMUSD=X,BAM/USD
BBD=X,USD/BBD
BBDCHF=X,BBD/CHF
BBDDKK=X,BBD/DKK
BBDEUR=X,BBD/EUR
BBDGBP=X,BBD/GBP
BBDUSD=X,BBD/USD
BDT=X,USD/BDT
BDTCAD=X,BDT/CAD
BDTCHF=X,BDT/CHF
BDTEUR=X,BDT/EUR
BDTGBP=X,BDT/GBP
BDTHKD=X,BDT/HKD
BDTJPY=X,BDT/JPY
BDTSEK=X,BDT/SEK
BDTSGD=X,BDT/SGD
BDTUSD=X,BDT/USD
BGN=X,USD/BGN
BGNCHF=X,BGN/CHF
BGNCZK=X,BGN/CZK
BGNDKK=X,BGN/DKK
BGNEUR=X,BGN/EUR
BGNGBP=X,BGN/GBP
BGNLVL=X,BGN/LVL
BGNPLN=X,BGN/PLN
BGNTHB=X,BGN/THB
BGNTRY=X,BGN/TRY
BGNUSD=X,BGN/USD
BHD=X,USD/BHD
BHDAED=X,BHD/AED
BHDCHF=X,BHD/CHF
BHDDKK=X,BHD/DKK
BHDEUR=X,BHD/EUR
BHDGBP=X,BHD/GBP
BHDHKD=X,BHD/HKD
BHDJPY=X,BHD/JPY
BHDKWD=X,BHD/KWD
BHDNZD=X,BHD/NZD
BHDOMR=X,BHD/OMR
BHDPKR=X,BHD/PKR
BHDQAR=X,BHD/QAR
BHDSAR=X,BHD/SAR
BHDSGD=X,BHD/SGD
BHDUSD=X,BHD/USD
BHDXDR=X,BHD/XDR
BIF=X,USD/BIF
BMD=X,USD/BMD
BMDCHF=X,BMD/CHF
BMDDKK=X,BMD/DKK
BMDEUR=X,BMD/EUR
BMDGBP=X,BMD/GBP
BMDUSD=X,BMD/USD
BND=X,USD/BND
BNDCHF=X,BND/CHF
BNDDKK=X,BND/DKK
BNDEUR=X,BND/EUR
BNDGBP=X,BND/GBP
BNDIDR=X,BND/IDR
BNDUSD=X,BND/USD
BNDXDR=X,BND/XDR
BOB=X,USD/BOB
BOBARS=X,BOB/ARS
BOBBRL=X,BOB/BRL
BOBCHF=X,BOB/CHF
BOBCLP=X,BOB/CLP
BOBCOP=X,BOB/COP
BOBEUR=X,BOB/EUR
BOBGBP=X,BOB/GBP
BOBMXN=X,BOB/MXN
BOBPEN=X,BOB/PEN
BOBPYG=X,BOB/PYG
BOBUSD=X,BOB/USD
BOBUYU=X,BOB/UYU
BOBVEF=X,BOB/VEF
BRL=X,USD/BRL
BRLARS=X,BRL/ARS
BRLAUD=X,BRL/AUD
BRLBOB=X,BRL/BOB
BRLCAD=X,BRL/CAD
BRLCHF=X,BRL/CHF
BRLCLP=X,BRL/CLP
BRLCNY=X,BRL/CNY
BRLCOP=X,BRL/COP
BRLDKK=X,BRL/DKK
BRLEUR=X,BRL/EUR
BRLGBP=X,BRL/GBP
BRLHKD=X,BRL/HKD
BRLIDR=X,BRL/IDR
BRLILS=X,BRL/ILS
BRLINR=X,BRL/INR
BRLJPY=X,BRL/JPY
BRLKRW=X,BRL/KRW
BRLMXN=X,BRL/MXN
BRLMYR=X,BRL/MYR
BRLNOK=X,BRL/NOK
BRLNZD=X,BRL/NZD
BRLPEN=X,BRL/PEN
BRLPYG=X,BRL/PYG
BRLRUB=X,BRL/RUB
BRLSEK=X,BRL/SEK
BRLSGD=X,BRL/SGD
BRLTHB=X,BRL/THB
BRLTRY=X,BRL/TRY
BRLUSD=X,BRL/USD
BRLUYU=X,BRL/UYU
BRLVEF=X,BRL/VEF
BRLXDR=X,BRL/XDR
BRLZAR=X,BRL/ZAR
BSD=X,USD/BSD
BSDCAD=X,BSD/CAD
BSDCHF=X,BSD/CHF
BSDDKK=X,BSD/DKK
BSDEUR=X,BSD/EUR
BSDGBP=X,BSD/GBP
BSDUSD=X,BSD/USD
BTCUSD=X,Bitcoin USD
BTN=X,USD/BTN
BTNEUR=X,BTN/EUR
BTNGBP=X,BTN/GBP
BTNUSD=X,BTN/USD
BWP=X,USD/BWP
BWPAED=X,BWP/AED
BWPAFN=X,BWP/AFN
BWPANG=X,BWP/ANG
BWPARS=X,BWP/ARS
BWPAUD=X,BWP/AUD
BWPBDT=X,BWP/BDT
BWPBGN=X,BWP/BGN
BWPBHD=X,BWP/BHD
BWPBMD=X,BWP/BMD
BWPBRL=X,BWP/BRL
BWPCAD=X,BWP/CAD
BWPCHF=X,BWP/CHF
BWPCLF=X,BWP/CLF
BWPCLP=X,BWP/CLP
BWPCNH=X,BWP/CNH
BWPCNY=X,BWP/CNY
BWPCOP=X,BWP/COP
BWPCZK=X,BWP/CZK
BWPDKK=X,BWP/DKK
BWPEGP=X,BWP/EGP
BWPEUR=X,BWP/EUR
BWPFJD=X,BWP/FJD
BWPGBP=X,BWP/GBP
BWPGHS=X,BWP/GHS
BWPHKD=X,BWP/HKD
BWPHRK=X,BWP/HRK
BWPHUF=X,BWP/HUF
BWPIDR=X,BWP/IDR
BWPILS=X,BWP/ILS
BWPINR=X,BWP/INR
BWPISK=X,BWP/ISK
BWPJOD=X,BWP/JOD
BWPJPY=X,BWP/JPY
BWPKES=X,BWP/KES
BWPKRW=X,BWP/KRW
BWPKWD=X,BWP/KWD
BWPKYD=X,BWP/KYD
BWPKZT=X,BWP/KZT
BWPLKR=X,BWP/LKR
BWPMAD=X,BWP/MAD
BWPMOP=X,BWP/MOP
BWPMUR=X,BWP/MUR
BWPMWK=X,BWP/MWK
BWPMXN=X,BWP/MXN
BWPMYR=X,BWP/MYR
BWPNAD=X,BWP/NAD
BWPNGN=X,BWP/NGN
BWPNOK=X,BWP/NOK
BWPNZD=X,BWP/NZD
BWPOMR=X,BWP/OMR
BWPPEN=X,BWP/PEN
BWPPGK=X,BWP/PGK
BWPPHP=X,BWP/PHP
BWPPKR=X,BWP/PKR
BWPQAR=X,BWP/QAR
BWPRON=X,BWP/RON
BWPRSD=X,BWP/RSD
BWPRUB=X,BWP/RUB
BWPRWF=X,BWP/RWF
BWPSAR=X,BWP/SAR
BWPSBD=X,BWP/SBD
BWPSEK=X,BWP/SEK
BWPSGD=X,BWP/SGD
BWPTHB=X,BWP/THB
BWPTND=X,BWP/TND
BWPTOP=X,BWP/TOP
BWPTRY=X,BWP/TRY
BWPTWD=X,BWP/TWD
BWPTZS=X,BWP/TZS
BWPUGX=X,BWP/UGX
BWPUSD=X,BWP/USD
BWPVND=X,BWP/VND
BWPWST=X,BWP/WST
BWPXDR=X,BWP/XDR
BWPXOF=X,BWP/XOF
BWPZAR=X,BWP/ZAR
BWPZMW=X,BWP/ZMW
BWPZWL=X,BWP/ZWL
BYR=X,USD/BYR
BZD=X,USD/BZD
BZDCHF=X,BZD/CHF
BZDEUR=X,BZD/EUR
BZDGBP=X,BZD/GBP
BZDUSD=X,BZD/USD
CAD=X,USD/CAD
CADAED=X,CAD/AED
CADAFN=X,CAD/AFN
CADALL=X,CAD/ALL
CADAMD=X,CAD/AMD
CADANG=X,CAD/ANG
CADAOA=X,CAD/AOA
CADARS=X,CAD/ARS
CADAUD=X,CAD/AUD
CADAWG=X,CAD/AWG
CADAZN=X,CAD/AZN
CADBAM=X,CAD/BAM
CADBBD=X,CAD/BBD
CADBDT=X,CAD/BDT
CADBGN=X,CAD/BGN
CADBHD=X,CAD/BHD
CADBIF=X,CAD/BIF
CADBMD=X,CAD/BMD
CADBND=X,CAD/BND
CADBOB=X,CAD/BOB
CADBRL=X,CAD/BRL
CADBSD=X,CAD/BSD
CADBTN=X,CAD/BTN
CADBWP=X,CAD/BWP
CADBYR=X,CAD/BYR
CADBZD=X,CAD/BZD
CADCDF=X,CAD/CDF
CADCHF=X,CAD/CHF
CADCLP=X,CAD/CLP
CADCNH=X,CAD/CNH
CADCNY=X,CAD/CNY
CADCOP=X,CAD/COP
CADCRC=X,CAD/CRC
CADCUP=X,CAD/CUP
CADCVE=X,CAD/CVE
CADCZK=X,CAD/CZK
CADDJF=X,CAD/DJF
CADDKK=X,CAD/DKK
CADDOP=X,CAD/DOP
CADDZD=X,CAD/DZD
CADEGP=X,CAD/EGP
CADERN=X,CAD/ERN
CADETB=X,CAD/ETB
CADEUR=X,CAD/EUR
CADFJD=X,CAD/FJD
CADFKP=X,CAD/FKP
CADGBP=X,CAD/GBP
CADGEL=X,CAD/GEL
CADGHS=X,CAD/GHS
CADGIP=X,CAD/GIP
CADGMD=X,CAD/GMD
CADGNF=X,CAD/GNF
CADGTQ=X,CAD/GTQ
CADGYD=X,CAD/GYD
CADHKD=X,CAD/HKD
CADHNL=X,CAD/HNL
CADHRK=X,CAD/HRK
CADHTG=X,CAD/HTG
CADHUF=X,CAD/HUF
CADIDR=X,CAD/IDR
CADILS=X,CAD/ILS
CADINR=X,CAD/INR
CADIQD=X,CAD/IQD
CADIRR=X,CAD/IRR
CADISK=X,CAD/ISK
CADJMD=X,CAD/JMD
CADJOD=X,CAD/JOD
CADJPY=X,CAD/JPY
CADKES=X,CAD/KES
CADKGS=X,CAD/KGS
CADKHR=X,CAD/KHR
CADKMF=X,CAD/KMF
CADKPW=X,CAD/KPW
CADKRW=X,CAD/KRW
CADKWD=X,CAD/KWD
CADKYD=X,CAD/KYD
CADKZT=X,CAD/KZT
CADLAK=X,CAD/LAK
CADLBP=X,CAD/LBP
CADLKR=X,CAD/LKR
CADLRD=X,CAD/LRD
CADLSL=X,CAD/LSL
CADLTL=X,CAD/LTL
CADLVL=X,CAD/LVL
CADLYD=X,CAD/LYD
CADMAD=X,CAD/MAD
CADMDL=X,CAD/MDL
CADMGA=X,CAD/MGA
CADMKD=X,CAD/MKD
CADMMK=X,CAD/MMK
CADMNT=X,CAD/MNT
CADMOP=X,CAD/MOP
CADMRO=X,CAD/MRO
CADMUR=X,CAD/MUR
CADMVR=X,CAD/MVR
CADMWK=X,CAD/MWK
CADMXN=X,CAD/MXN
CADMYR=X,CAD/MYR
CADMZN=X,CAD/MZN
CADNAD=X,CAD/NAD
CADNGN=X,CAD/NGN
CADNIO=X,CAD/NIO
CADNOK=X,CAD/NOK
CADNPR=X,CAD/NPR
CADNZD=X,CAD/NZD
CADOMR=X,CAD/OMR
CADPAB=X,CAD/PAB
CADPEN=X,CAD/PEN
CADPGK=X,CAD/PGK
CADPHP=X,CAD/PHP
CADPKR=X,CAD/PKR
CADPLN=X,CAD/PLN
CADPYG=X,CAD/PYG
CADQAR=X,CAD/QAR
CADRON=X,CAD/RON
CADRSD=X,CAD/RSD
CADRUB=X,CAD/RUB
CADRWF=X,CAD/RWF
CADSAR=X,CAD/SAR
CADSBD=X,CAD/SBD
CADSCR=X,CAD/SCR
CADSDG=X,CAD/SDG
CADSEK=X,CAD/SEK
CADSGD=X,CAD/SGD
CADSHP=X,CAD/SHP
CADSLL=X,CAD/SLL
CADSOS=X,CAD/SOS
CADSRD=X,CAD/SRD
CADSTD=X,CAD/STD
CADSVC=X,CAD/SVC
CADSYP=X,CAD/SYP
CADSZL=X,CAD/SZL
CADTHB=X,CAD/THB
CADTJS=X,CAD/TJS
CADTMT=X,CAD/TMT
CADTND=X,CAD/TND
CADTOP=X,CAD/TOP
CADTRY=X,CAD/TRY
CADTTD=X,CAD/TTD
CADTWD=X,CAD/TWD
CADTZS=X,CAD/TZS
CADUAH=X,CAD/UAH
CADUGX=X,CAD/UGX
CADUSD=X,CAD/USD
CADUYU=X,CAD/UYU
CADUZS=X,CAD/UZS
CADVEF=X,CAD/VEF
CADVND=X,CAD/VND
CADVUV=X,CAD/VUV
CADWST=X,CAD/WST
CADXAF=X,CAD/XAF
CADXCD=X,CAD/XCD
CADXDR=X,CAD/XDR
CADXOF=X,CAD/XOF
CADXPF=X,CAD/XPF
CADYER=X,CAD/YER
CADZAR=X,CAD/ZAR
CADZMW=X,CAD/ZMW
CADZWL=X,CAD/ZWL
CDF=X,USD/CDF
CHF=X,USD/CHF
CHFAED=X,CHF/AED
CHFAFN=X,CHF/AFN
CHFALL=X,CHF/ALL
CHFAMD=X,CHF/AMD
CHFANG=X,CHF/ANG
CHFAOA=X,CHF/AOA
CHFARS=X,CHF/ARS
CHFAUD=X,CHF/AUD
CHFAWG=X,CHF/AWG
CHFAZN=X,CHF/AZN
CHFBAM=X,CHF/BAM
CHFBBD=X,CHF/BBD
CHFBDT=X,CHF/BDT
CHFBGN=X,CHF/BGN
CHFBHD=X,CHF/BHD
CHFBIF=X,CHF/BIF
CHFBMD=X,CHF/BMD
CHFBND=X,CHF/BND
CHFBOB=X,CHF/BOB
CHFBRL=X,CHF/BRL
CHFBSD=X,CHF/BSD
CHFBTN=X,CHF/BTN
CHFBWP=X,CHF/BWP
CHFBYR=X,CHF/BYR
CHFBZD=X,CHF/BZD
CHFCAD=X,CHF/CAD
CHFCDF=X,CHF/CDF
CHFCLP=X,CHF/CLP
CHFCNH=X,CHF/CNH
CHFCNY=X,CHF/CNY
CHFCOP=X,CHF/COP
CHFCRC=X,CHF/CRC
CHFCUP=X,CHF/CUP
CHFCVE=X,CHF/CVE
CHFCZK=X,CHF/CZK
CHFDEM=X,CHF/DEM
CHFDJF=X,CHF/DJF
CHFDKK=X,CHF/DKK
CHFDOP=X,CHF/DOP
CHFDZD=X,CHF/DZD
CHFEGP=X,CHF/EGP
CHFERN=X,CHF/ERN
CHFETB=X,CHF/ETB
CHFEUR=X,CHF/EUR
CHFFJD=X,CHF/FJD
CHFFKP=X,CHF/FKP
CHFGBP=X,CHF/GBP
CHFGEL=X,CHF/GEL
CHFGHS=X,CHF/GHS
CHFGIP=X,CHF/GIP
CHFGMD=X,CHF/GMD
CHFGNF=X,CHF/GNF
CHFGTQ=X,CHF/GTQ
CHFGYD=X,CHF/GYD
CHFHKD=X,CHF/HKD
CHFHNL=X,CHF/HNL
CHFHRK=X,CHF/HRK
CHFHTG=X,CHF/HTG
CHFHUF=X,CHF/HUF
CHFIDR=X,CHF/IDR
CHFILS=X,CHF/ILS
CHFINR=X,CHF/INR
CHFIQD=X,CHF/IQD
CHFIRR=X,CHF/IRR
CHFISK=X,CHF/ISK
CHFITL=X,CHF/ITL
CHFJMD=X,CHF/JMD
CHFJOD=X,CHF/JOD
CHFJPY=X,CHF/JPY
CHFKES=X,CHF/KES
CHFKGS=X,CHF/KGS
CHFKHR=X,CHF/KHR
CHFKMF=X,CHF/KMF
CHFKPW=X,CHF/KPW
CHFKRW=X,CHF/KRW
CHFKWD=X,CHF/KWD
CHFKYD=X,CHF/KYD
CHFKZT=X,CHF/KZT
CHFLAK=X,CHF/LAK
CHFLBP=X,CHF/LBP
CHFLKR=X,CHF/LKR
CHFLRD=X,CHF/LRD
CHFLSL=X,CHF/LSL
CHFLTL=X,CHF/LTL
CHFLVL=X,CHF/LVL
CHFLYD=X,CHF/LYD
CHFMAD=X,CHF/MAD
CHFMDL=X,CHF/MDL
CHFMGA=X,CHF/MGA
CHFMKD=X,CHF/MKD
CHFMMK=X,CHF/MMK
CHFMNT=X,CHF/MNT
CHFMOP=X,CHF/MOP
CHFMRO=X,CHF/MRO
CHFMUR=X,CHF/MUR
CHFMVR=X,CHF/MVR
CHFMWK=X,CHF/MWK
CHFMXN=X,CHF/MXN
CHFMYR=X,CHF/MYR
CHFMZN=X,CHF/MZN
CHFNAD=X,CHF/NAD
CHFNGN=X,CHF/NGN
CHFNIO=X,CHF/NIO
CHFNOK=X,CHF/NOK
CHFNPR=X,CHF/NPR
CHFNZD=X,CHF/NZD
CHFOMR=X,CHF/OMR
CHFPAB=X,CHF/PAB
CHFPEN=X,CHF/PEN
CHFPGK=X,CHF/PGK
CHFPHP=X,CHF/PHP
CHFPKR=X,CHF/PKR
CHFPLN=X,CHF/PLN
CHFPYG=X,CHF/PYG
CHFQAR=X,CHF/QAR
CHFRON=X,CHF/RON
CHFRSD=X,CHF/RSD
CHFRUB=X,CHF/RUB
CHFRWF=X,CHF/RWF
CHFSAR=X,CHF/SAR
CHFSBD=X,CHF/SBD
CHFSCR=X,CHF/SCR
CHFSDG=X,CHF/SDG
CHFSEK=X,CHF/SEK
CHFSGD=X,CHF/SGD
CHFSHP=X,CHF/SHP
CHFSLL=X,CHF/SLL
CHFSOS=X,CHF/SOS
CHFSRD=X,CHF/SRD
CHFSTD=X,CHF/STD
CHFSVC=X,CHF/SVC
CHFSYP=X,CHF/SYP
CHFSZL=X,CHF/SZL
CHFTHB=X,CHF/THB
CHFTJS=X,CHF/TJS
CHFTMT=X,CHF/TMT
CHFTND=X,CHF/TND
CHFTOP=X,CHF/TOP
CHFTRY=X,CHF/TRY
CHFTTD=X,CHF/TTD
CHFTWD=X,CHF/TWD
CHFTZS=X,CHF/TZS
CHFUAH=X,CHF/UAH
CHFUGX=X,CHF/UGX
CHFUSD=X,CHF/USD
CHFUYU=X,CHF/UYU
CHFUZS=X,CHF/UZS
CHFVEF=X,CHF/VEF
CHFVND=X,CHF/VND
CHFVUV=X,CHF/VUV
CHFWST=X,CHF/WST
CHFXAF=X,CHF/XAF
CHFXCD=X,CHF/XCD
CHFXDR=X,CHF/XDR
CHFXOF=X,CHF/XOF
CHFXPF=X,CHF/XPF
CHFYER=X,CHF/YER
CHFZAR=X,CHF/ZAR
CHFZMW=X,CHF/ZMW
CHFZWL=X,CHF/ZWL
CLF=X,USD/CLF
CLFCLP=X,CLF/CLP
CLFEUR=X,CLF/EUR
CLFGBP=X,CLF/GBP
CLFJPY=X,CLF/JPY
CLFUSD=X,CLF/USD
CLP=X,USD/CLP
CLPARS=X,CLP/ARS
CLPBOB=X,CLP/BOB
CLPBRL=X,CLP/BRL
CLPCOP=X,CLP/COP
CLPDKK=X,CLP/DKK
CLPJPY=X,CLP/JPY
CLPKRW=X,CLP/KRW
CLPMXN=X,CLP/MXN
CLPPEN=X,CLP/PEN
CLPPYG=X,CLP/PYG
CLPTHB=X,CLP/THB
CLPUYU=X,CLP/UYU
CLPVEF=X,CLP/VEF
CNH=X,USD/CNH
CNHGBP=X,CNH/GBP
CNHHKD=X,CNH/HKD
CNHIDR=X,CNH/IDR
CNHINR=X,CNH/INR
CNHJPY=X,CNH/JPY
CNHKRW=X,CNH/KRW
CNHPHP=X,CNH/PHP
CNHSGD=X,CNH/SGD
CNHTHB=X,CNH/THB
CNHTWD=X,CNH/TWD
CNHUSD=X,CNH/USD
CNY=X,USD/CNY
CNYAED=X,CNY/AED
CNYAUD=X,CNY/AUD
CNYBRL=X,CNY/BRL
CNYBWP=X,CNY/BWP
CNYCAD=X,CNY/CAD
CNYCHF=X,CNY/CHF
CNYCZK=X,CNY/CZK
CNYDKK=X,CNY/DKK
CNYEGP=X,CNY/EGP
CNYEUR=X,CNY/EUR
CNYGBP=X,CNY/GBP
CNYGHS=X,CNY/GHS
CNYHKD=X,CNY/HKD
CNYHUF=X,CNY/HUF
CNYIDR=X,CNY/IDR
CNYILS=X,CNY/ILS
CNYINR=X,CNY/INR
CNYISK=X,CNY/ISK
CNYJOD=X,CNY/JOD
CNYJPY=X,CNY/JPY
CNYKES=X,CNY/KES
CNYKRW=X,CNY/KRW
CNYKWD=X,CNY/KWD
CNYLKR=X,CNY/LKR
CNYLTL=X,CNY/LTL
CNYLVL=X,CNY/LVL
CNYMAD=X,CNY/MAD
CNYMUR=X,CNY/MUR
CNYMXN=X,CNY/MXN
CNYMYR=X,CNY/MYR
CNYNOK=X,CNY/NOK
CNYNZD=X,CNY/NZD
CNYOMR=X,CNY/OMR
CNYPHP=X,CNY/PHP
CNYPLN=X,CNY/PLN
CNYQAR=X,CNY/QAR
CNYRUB=X,CNY/RUB
CNYSAR=X,CNY/SAR
CNYSEK=X,CNY/SEK
CNYSGD=X,CNY/SGD
CNYTHB=X,CNY/THB
CNYTND=X,CNY/TND
CNYTRY=X,CNY/TRY
CNYTWD=X,CNY/TWD
CNYUGX=X,CNY/UGX
CNYUSD=X,CNY/USD
CNYXDR=X,CNY/XDR
CNYZAR=X,CNY/ZAR
COP=X,USD/COP
COPCLP=X,COP/CLP
COPJPY=X,COP/JPY
COPMXN=X,COP/MXN
COPPYG=X,COP/PYG
COPTHB=X,COP/THB
COPUYU=X,COP/UYU
CRC=X,USD/CRC
CUP=X,USD/CUP
CUPEUR=X,CUP/EUR
CUPGBP=X,CUP/GBP
CUPUSD=X,CUP/USD
CVE=X,USD/CVE
CVECHF=X,CVE/CHF
CVEDKK=X,CVE/DKK
CVEUSD=X,CVE/USD
CYP=X,CYP=X
CZK=X,USD/CZK
CZKAED=X,CZK/AED
CZKARS=X,CZK/ARS
CZKAUD=X,CZK/AUD
CZKBAM=X,CZK/BAM
CZKBDT=X,CZK/BDT
CZKBGN=X,CZK/BGN
CZKBHD=X,CZK/BHD
CZKBMD=X,CZK/BMD
CZKBND=X,CZK/BND
CZKBOB=X,CZK/BOB
CZKBRL=X,CZK/BRL
CZKCAD=X,CZK/CAD
CZKCHF=X,CZK/CHF
CZKCLP=X,CZK/CLP
CZKCNY=X,CZK/CNY
CZKCOP=X,CZK/COP
CZKDKK=X,CZK/DKK
CZKEGP=X,CZK/EGP
CZKEUR=X,CZK/EUR
CZKGBP=X,CZK/GBP
CZKHKD=X,CZK/HKD
CZKHUF=X,CZK/HUF
CZKIDR=X,CZK/IDR
CZKILS=X,CZK/ILS
CZKINR=X,CZK/INR
CZKISK=X,CZK/ISK
CZKJOD=X,CZK/JOD
CZKJPY=X,CZK/JPY
CZKKES=X,CZK/KES
CZKKRW=X,CZK/KRW
CZKKWD=X,CZK/KWD
CZKLBP=X,CZK/LBP
CZKLKR=X,CZK/LKR
CZKLTL=X,CZK/LTL
CZKLVL=X,CZK/LVL
CZKMAD=X,CZK/MAD
CZKMUR=X,CZK/MUR
CZKMXN=X,CZK/MXN
CZKMYR=X,CZK/MYR
CZKNGN=X,CZK/NGN
CZKNOK=X,CZK/NOK
CZKNZD=X,CZK/NZD
CZKOMR=X,CZK/OMR
CZKPEN=X,CZK/PEN
CZKPGK=X,CZK/PGK
CZKPHP=X,CZK/PHP
CZKPKR=X,CZK/PKR
CZKPLN=X,CZK/PLN
CZKQAR=X,CZK/QAR
CZKRON=X,CZK/RON
CZKRSD=X,CZK/RSD
CZKRUB=X,CZK/RUB
CZKSAR=X,CZK/SAR
CZKSEK=X,CZK/SEK
CZKSGD=X,CZK/SGD
CZKTHB=X,CZK/THB
CZKTND=X,CZK/TND
CZKTRY=X,CZK/TRY
CZKTWD=X,CZK/TWD
CZKUAH=X,CZK/UAH
CZKUSD=X,CZK/USD
CZKUYU=X,CZK/UYU
CZKVEF=X,CZK/VEF
CZKVUV=X,CZK/VUV
CZKXDR=X,CZK/XDR
CZKZAR=X,CZK/ZAR
DEM=X,USD/DEM
DEMCHF=X,DEM/CHF
DJF=X,USD/DJF
DJFCHF=X,DJF/CHF
DJFEUR=X,DJF/EUR
DJFUSD=X,DJF/USD
DKK=X,USD/DKK
DKKAED=X,DKK/AED
DKKANG=X,DKK/ANG
DKKAUD=X,DKK/AUD
DKKBAM=X,DKK/BAM
DKKBGN=X,DKK/BGN
DKKBRL=X,DKK/BRL
DKKCAD=X,DKK/CAD
DKKCHF=X,DKK/CHF
DKKCLP=X,DKK/CLP
DKKCNY=X,DKK/CNY
DKKCZK=X,DKK/CZK
DKKEGP=X,DKK/EGP
DKKEUR=X,DKK/EUR
DKKGBP=X,DKK/GBP
DKKGIP=X,DKK/GIP
DKKHKD=X,DKK/HKD
DKKHUF=X,DKK/HUF
DKKIDR=X,DKK/IDR
DKKILS=X,DKK/ILS
DKKINR=X,DKK/INR
DKKISK=X,DKK/ISK
DKKJOD=X,DKK/JOD
DKKJPY=X,DKK/JPY
DKKKES=X,DKK/KES
DKKKPW=X,DKK/KPW
DKKKRW=X,DKK/KRW
DKKKWD=X,DKK/KWD
DKKLKR=X,DKK/LKR
DKKLTL=X,DKK/LTL
DKKLVL=X,DKK/LVL
DKKMAD=X,DKK/MAD
DKKMUR=X,DKK/MUR
DKKMXN=X,DKK/MXN
DKKMYR=X,DKK/MYR
DKKNOK=X,DKK/NOK
DKKNZD=X,DKK/NZD
DKKOMR=X,DKK/OMR
DKKPHP=X,DKK/PHP
DKKPKR=X,DKK/PKR
DKKPLN=X,DKK/PLN
DKKQAR=X,DKK/QAR
DKKRON=X,DKK/RON
DKKRSD=X,DKK/RSD
DKKRUB=X,DKK/RUB
DKKSAR=X,DKK/SAR
DKKSEK=X,DKK/SEK
DKKSGD=X,DKK/SGD
DKKTHB=X,DKK/THB
DKKTND=X,DKK/TND
DKKTRY=X,DKK/TRY
DKKTWD=X,DKK/TWD
DKKUAH=X,DKK/UAH
DKKUSD=X,DKK/USD
DKKXDR=X,DKK/XDR
DKKZAR=X,DKK/ZAR
DOP=X,USD/DOP
DOPCHF=X,DOP/CHF
DOPDKK=X,DOP/DKK
DOPEUR=X,DOP/EUR
DOPGBP=X,DOP/GBP
DOPUSD=X,DOP/USD
DZD=X,USD/DZD
DZDEUR=X,DZD/EUR
DZDGBP=X,DZD/GBP
DZDMAD=X,DZD/MAD
DZDUSD=X,DZD/USD
ECS=X,USD/ECS
EGP=X,USD/EGP
EGPAED=X,EGP/AED
EGPAUD=X,EGP/AUD
EGPCAD=X,EGP/CAD
EGPCHF=X,EGP/CHF
EGPCNY=X,EGP/CNY
EGPCZK=X,EGP/CZK
EGPDKK=X,EGP/DKK
EGPEUR=X,EGP/EUR
EGPGBP=X,EGP/GBP
EGPHKD=X,EGP/HKD
EGPHUF=X,EGP/HUF
EGPIDR=X,EGP/IDR
EGPILS=X,EGP/ILS
EGPINR=X,EGP/INR
EGPJOD=X,EGP/JOD
EGPJPY=X,EGP/JPY
EGPKES=X,EGP/KES
EGPKRW=X,EGP/KRW
EGPKWD=X,EGP/KWD
EGPLKR=X,EGP/LKR
EGPLTL=X,EGP/LTL
EGPLVL=X,EGP/LVL
EGPMAD=X,EGP/MAD
EGPMUR=X,EGP/MUR
EGPMXN=X,EGP/MXN
EGPNOK=X,EGP/NOK
EGPNZD=X,EGP/NZD
EGPOMR=X,EGP/OMR
EGPPHP=X,EGP/PHP
EGPPKR=X,EGP/PKR
EGPPLN=X,EGP/PLN
EGPQAR=X,EGP/QAR
EGPRUB=X,EGP/RUB
EGPSAR=X,EGP/SAR
EGPSEK=X,EGP/SEK
EGPSGD=X,EGP/SGD
EGPTHB=X,EGP/THB
EGPTND=X,EGP/TND
EGPTRY=X,EGP/TRY
EGPTWD=X,EGP/TWD
EGPUSD=X,EGP/USD
EGPZAR=X,EGP/ZAR
ERN=X,USD/ERN
ERNEUR=X,ERN/EUR
ERNUSD=X,ERN/USD
ETB=X,USD/ETB
ETBCHF=X,ETB/CHF
ETBEUR=X,ETB/EUR
ETBGBP=X,ETB/GBP
ETBUSD=X,ETB/USD
EUR=X,USD/EUR
EURAED=X,EUR/AED
EURAFN=X,EUR/AFN
EURALL=X,EUR/ALL
EURAMD=X,EUR/AMD
EURANG=X,EUR/ANG
EURAOA=X,EUR/AOA
EURARS=X,EUR/ARS
EURAUD=X,EUR/AUD
EURAWG=X,EUR/AWG
EURAZN=X,EUR/AZN
EURBAM=X,EUR/BAM
EURBBD=X,EUR/BBD
EURBDT=X,EUR/BDT
EURBGN=X,EUR/BGN
EURBHD=X,EUR/BHD
EURBIF=X,EUR/BIF
EURBMD=X,EUR/BMD
EURBND=X,EUR/BND
EURBOB=X,EUR/BOB
EURBRL=X,EUR/BRL
EURBSD=X,EUR/BSD
EURBTN=X,EUR/BTN
EURBWP=X,EUR/BWP
EURBYR=X,EUR/BYR
EURBZD=X,EUR/BZD
EURCAD=X,EUR/CAD
EURCDF=X,EUR/CDF
EURCHF=X,EUR/CHF
EURCLF=X,EUR/CLF
EURCLP=X,EUR/CLP
EURCNH=X,EUR/CNH
EURCNY=X,EUR/CNY
EURCOP=X,EUR/COP
EURCRC=X,EUR/CRC
EURCUP=X,EUR/CUP
EURCVE=X,EUR/CVE
EURCYP=X,EUR/CYP
EURCZK=X,EUR/CZK
EURDJF=X,EUR/DJF
EURDKK=X,EUR/DKK
EURDOP=X,EUR/DOP
EURDZD=X,EUR/DZD
EUREGP=X,EUR/EGP
EURERN=X,EUR/ERN
EURETB=X,EUR/ETB
EUREUR=X,EUR/EUR
EURFJD=X,EUR/FJD
EURFKP=X,EUR/FKP
EURGBP=X,EUR/GBP
EURGEL=X,EUR/GEL
EURGHS=X,EUR/GHS
EURGIP=X,EUR/GIP
EURGMD=X,EUR/GMD
EURGNF=X,EUR/GNF
EURGTQ=X,EUR/GTQ
EURGYD=X,EUR/GYD
EURHKD=X,EUR/HKD
EURHNL=X,EUR/HNL
EURHRK=X,EUR/HRK
EURHTG=X,EUR/HTG
EURHUF=X,EUR/HUF
EURIDR=X,EUR/IDR
EURILS=X,EUR/ILS
EURINR=X,EUR/INR
EURIQD=X,EUR/IQD
EURIRR=X,EUR/IRR
EURISK=X,EUR/ISK
EURJMD=X,EUR/JMD
EURJOD=X,EUR/JOD
EURJPY=X,EUR/JPY
EURKES=X,EUR/KES
EURKGS=X,EUR/KGS
EURKHR=X,EUR/KHR
EURKMF=X,EUR/KMF
EURKPW=X,EUR/KPW
EURKRW=X,EUR/KRW
EURKWD=X,EUR/KWD
EURKYD=X,EUR/KYD
EURKZT=X,EUR/KZT
EURLAK=X,EUR/LAK
EURLBP=X,EUR/LBP
EURLKR=X,EUR/LKR
EURLRD=X,EUR/LRD
EURLSL=X,EUR/LSL
EURLTL=X,EUR/LTL
EURLVL=X,EUR/LVL
EURLYD=X,EUR/LYD
EURMAD=X,EUR/MAD
EURMDL=X,EUR/MDL
EURMGA=X,EUR/MGA
EURMKD=X,EUR/MKD
EURMMK=X,EUR/MMK
EURMNT=X,EUR/MNT
EURMOP=X,EUR/MOP
EURMRO=X,EUR/MRO
EURMUR=X,EUR/MUR
EURMVR=X,EUR/MVR
EURMWK=X,EUR/MWK
EURMXN=X,EUR/MXN
EURMYR=X,EUR/MYR
EURMZN=X,EUR/MZN
EURNAD=X,EUR/NAD
EURNGN=X,EUR/NGN
EURNIO=X,EUR/NIO
EURNOK=X,EUR/NOK
EURNPR=X,EUR/NPR
EURNZD=X,EUR/NZD
EUROMR=X,EUR/OMR
EURPAB=X,EUR/PAB
EURPEN=X,EUR/PEN
EURPGK=X,EUR/PGK
EURPHP=X,EUR/PHP
EURPKR=X,EUR/PKR
EURPLN=X,EUR/PLN
EURPYG=X,EUR/PYG
EURQAR=X,EUR/QAR
EURRON=X,EUR/RON
EURRSD=X,EUR/RSD
EURRUB=X,EUR/RUB
EURRWF=X,EUR/RWF
EURSAR=X,EUR/SAR
EURSBD=X,EUR/SBD
EURSCR=X,EUR/SCR
EURSDG=X,EUR/SDG
EURSEK=X,EUR/SEK
EURSGD=X,EUR/SGD
EURSHP=X,EUR/SHP
EURSLL=X,EUR/SLL
EURSOS=X,EUR/SOS
EURSRD=X,EUR/SRD
EURSTD=X,EUR/STD
EURSVC=X,EUR/SVC
EURSYP=X,EUR/SYP
EURSZL=X,EUR/SZL
EURTHB=X,EUR/THB
EURTJS=X,EUR/TJS
EURTMT=X,EUR/TMT
EURTND=X,EUR/TND
EURTOP=X,EUR/TOP
EURTRY=X,EUR/TRY
EURTTD=X,EUR/TTD
EURTWD=X,EUR/TWD
EURTZS=X,EUR/TZS
EURUAH=X,EUR/UAH
EURUGX=X,EUR/UGX
EURUSD=X,EUR/USD
EURUYU=X,EUR/UYU
EURUZS=X,EUR/UZS
EURVEF=X,EUR/VEF
EURVND=X,EUR/VND
EURVUV=X,EUR/VUV
EURWST=X,EUR/WST
EURXAF=X,EUR/XAF
EURXCD=X,EUR/XCD
EURXDR=X,EUR/XDR
EURXOF=X,EUR/XOF
EURXPF=X,EUR/XPF
EURYER=X,EUR/YER
EURZAR=X,EUR/ZAR
EURZMW=X,EUR/ZMW
EURZWL=X,EUR/ZWL
FJD=X,USD/FJD
FJDAUD=X,FJD/AUD
FJDCAD=X,FJD/CAD
FJDCHF=X,FJD/CHF
FJDDKK=X,FJD/DKK
FJDEUR=X,FJD/EUR
FJDGBP=X,FJD/GBP
FJDHKD=X,FJD/HKD
FJDJPY=X,FJD/JPY
FJDNZD=X,FJD/NZD
FJDUSD=X,FJD/USD
FKP=X,USD/FKP
FKPCHF=X,FKP/CHF
FKPUSD=X,FKP/USD
FRF=X,USD/FRF
FRFCHF=X,FRF/CHF
GBP=X,USD/GBP
GBPAED=X,GBP/AED
GBPAFN=X,GBP/AFN
GBPALL=X,GBP/ALL
GBPAMD=X,GBP/AMD
GBPANG=X,GBP/ANG
GBPAOA=X,GBP/AOA
GBPARS=X,GBP/ARS
GBPAUD=X,GBP/AUD
GBPAWG=X,GBP/AWG
GBPAZN=X,GBP/AZN
GBPBAM=X,GBP/BAM
GBPBBD=X,GBP/BBD
GBPBDT=X,GBP/BDT
GBPBGN=X,GBP/BGN
GBPBHD=X,GBP/BHD
GBPBIF=X,GBP/BIF
GBPBMD=X,GBP/BMD
GBPBND=X,GBP/BND
GBPBOB=X,GBP/BOB
GBPBRL=X,GBP/BRL
GBPBSD=X,GBP/BSD
GBPBTN=X,GBP/BTN
GBPBWP=X,GBP/BWP
GBPBYR=X,GBP/BYR
GBPBZD=X,GBP/BZD
GBPCAD=X,GBP/CAD
GBPCDF=X,GBP/CDF
GBPCHF=X,GBP/CHF
GBPCLF=X,GBP/CLF
GBPCLP=X,GBP/CLP
GBPCNH=X,GBP/CNH
GBPCNY=X,GBP/CNY
GBPCOP=X,GBP/COP
GBPCRC=X,GBP/CRC
GBPCUP=X,GBP/CUP
GBPCVE=X,GBP/CVE
GBPCZK=X,GBP/CZK
GBPDJF=X,GBP/DJF
GBPDKK=X,GBP/DKK
GBPDOP=X,GBP/DOP
GBPDZD=X,GBP/DZD
GBPEGP=X,GBP/EGP
GBPERN=X,GBP/ERN
GBPETB=X,GBP/ETB
GBPEUR=X,GBP/EUR
GBPFJD=X,GBP/FJD
GBPFKP=X,GBP/FKP
GBPGBP=X,GBP/GBP
GBPGEL=X,GBP/GEL
GBPGHS=X,GBP/GHS
GBPGIP=X,GBP/GIP
GBPGMD=X,GBP/GMD
GBPGNF=X,GBP/GNF
GBPGTQ=X,GBP/GTQ
GBPGYD=X,GBP/GYD
GBPHKD=X,GBP/HKD
GBPHNL=X,GBP/HNL
GBPHRK=X,GBP/HRK
GBPHTG=X,GBP/HTG
GBPHUF=X,GBP/HUF
GBPIDR=X,GBP/IDR
GBPILS=X,GBP/ILS
GBPINR=X,GBP/INR
GBPIQD=X,GBP/IQD
GBPIRR=X,GBP/IRR
GBPISK=X,GBP/ISK
GBPITL=X,GBP/ITL
GBPJMD=X,GBP/JMD
GBPJOD=X,GBP/JOD
GBPJPY=X,GBP/JPY
GBPKES=X,GBP/KES
GBPKGS=X,GBP/KGS
GBPKHR=X,GBP/KHR
GBPKMF=X,GBP/KMF
GBPKPW=X,GBP/KPW
GBPKRW=X,GBP/KRW
GBPKWD=X,GBP/KWD
GBPKYD=X,GBP/KYD
GBPKZT=X,GBP/KZT
GBPLAK=X,GBP/LAK
GBPLBP=X,GBP/LBP
GBPLKR=X,GBP/LKR
GBPLRD=X,GBP/LRD
GBPLSL=X,GBP/LSL
GBPLTL=X,GBP/LTL
GBPLVL=X,GBP/LVL
GBPLYD=X,GBP/LYD
GBPMAD=X,GBP/MAD
GBPMDL=X,GBP/MDL
GBPMGA=X,GBP/MGA
GBPMKD=X,GBP/MKD
GBPMMK=X,GBP/MMK
GBPMNT=X,GBP/MNT
GBPMOP=X,GBP/MOP
GBPMRO=X,GBP/MRO
GBPMUR=X,GBP/MUR
GBPMVR=X,GBP/MVR
GBPMWK=X,GBP/MWK
GBPMXN=X,GBP/MXN
GBPMYR=X,GBP/MYR
GBPMZN=X,GBP/MZN
GBPNAD=X,GBP/NAD
GBPNGN=X,GBP/NGN
GBPNIO=X,GBP/NIO
GBPNOK=X,GBP/NOK
GBPNPR=X,GBP/NPR
GBPNZD=X,GBP/NZD
GBPOMR=X,GBP/OMR
GBPPAB=X,GBP/PAB
GBPPEN=X,GBP/PEN
GBPPGK=X,GBP/PGK
GBPPHP=X,GBP/PHP
GBPPKR=X,GBP/PKR
GBPPLN=X,GBP/PLN
GBPPYG=X,GBP/PYG
GBPQAR=X,GBP/QAR
GBPRON=X,GBP/RON
GBPRSD=X,GBP/RSD
GBPRUB=X,GBP/RUB
GBPRWF=X,GBP/RWF
GBPSAR=X,GBP/SAR
GBPSBD=X,GBP/SBD
GBPSCR=X,GBP/SCR
GBPSDG=X,GBP/SDG
GBPSEK=X,GBP/SEK
GBPSGD=X,GBP/SGD
GBPSHP=X,GBP/SHP
GBPSLL=X,GBP/SLL
GBPSOS=X,GBP/SOS
GBPSRD=X,GBP/SRD
GBPSTD=X,GBP/STD
GBPSVC=X,GBP/SVC
GBPSYP=X,GBP/SYP
GBPSZL=X,GBP/SZL
GBPTHB=X,GBP/THB
GBPTJS=X,GBP/TJS
GBPTMT=X,GBP/TMT
GBPTND=X,GBP/TND
GBPTOP=X,GBP/TOP
GBPTRY=X,GBP/TRY
GBPTTD=X,GBP/TTD
GBPTWD=X,GBP/TWD
GBPTZS=X,GBP/TZS
GBPUAH=X,GBP/UAH
GBPUGX=X,GBP/UGX
GBPUSD=X,GBP/USD
GBPUYU=X,GBP/UYU
GBPUZS=X,GBP/UZS
GBPVEF=X,GBP/VEF
GBPVND=X,GBP/VND
GBPVUV=X,GBP/VUV
GBPWST=X,GBP/WST
GBPXAF=X,GBP/XAF
GBPXCD=X,GBP/XCD
GBPXDR=X,GBP/XDR
GBPXOF=X,GBP/XOF
GBPXPF=X,GBP/XPF
GBPYER=X,GBP/YER
GBPZAR=X,GBP/ZAR
GBPZMW=X,GBP/ZMW
GBPZWL=X,GBP/ZWL
GEL=X,USD/GEL
GELCHF=X,GEL/CHF
GELEUR=X,GEL/EUR
GELGBP=X,GEL/GBP
GELLVL=X,GEL/LVL
GELUSD=X,GEL/USD
GHS=X,USD/GHS
GHSAED=X,Ghana Cedi (b) vs UAE Dirham Sp
GHSAFN=X,Ghana Cedi (b) vs Afghanistan A
GHSANG=X,Ghana Cedi (b) vs Netherlands A
GHSARS=X,GHS/ARS
GHSAUD=X,GHS/AUD
GHSBDT=X,GHS/BDT
GHSBGN=X,GHS/BGN
GHSBHD=X,GHS/BHD
GHSBMD=X,Ghana Cedi (b) vs Bermuda Dolla
GHSBRL=X,GHS/BRL
GHSBWP=X,GHS/BWP
GHSCAD=X,GHS/CAD
GHSCLF=X,GHS/CLF
GHSCLP=X,GHS/CLP
GHSCNH=X,GHS/CNH
GHSCNY=X,GHS/CNY
GHSCOP=X,GHS/COP
GHSCZK=X,GHS/CZK
GHSDKK=X,GHS/DKK
GHSEGP=X,GHS/EGP
GHSEUR=X,GHS/EUR
GHSFJD=X,GHS/FJD
GHSGBP=X,GHS/GBP
GHSHKD=X,GHS/HKD
GHSHRK=X,GHS/HRK
GHSHUF=X,GHS/HUF
GHSIDR=X,GHS/IDR
GHSILS=X,GHS/ILS
GHSINR=X,GHS/INR
GHSISK=X,GHS/ISK
GHSJOD=X,GHS/JOD
GHSJPY=X,GHS/JPY
GHSKES=X,GHS/KES
GHSKRW=X,GHS/KRW
GHSKWD=X,GHS/KWD
GHSKYD=X,GHS/KYD
GHSKZT=X,GHS/KZT
GHSLKR=X,GHS/LKR
GHSMAD=X,GHS/MAD
GHSMOP=X,GHS/MOP
GHSMUR=X,GHS/MUR
GHSMWK=X,GHS/MWK
GHSMXN=X,GHS/MXN
GHSMYR=X,GHS/MYR
GHSNAD=X,GHS/NAD
GHSNGN=X,GHS/NGN
GHSNOK=X,GHS/NOK
GHSNZD=X,GHS/NZD
GHSOMR=X,GHS/OMR
GHSPEN=X,GHS/PEN
GHSPGK=X,GHS/PGK
GHSPHP=X,GHS/PHP
GHSPKR=X,GHS/PKR
GHSQAR=X,GHS/QAR
GHSRON=X,GHS/RON
GHSRSD=X,GHS/RSD
GHSRUB=X,GHS/RUB
GHSRWF=X,GHS/RWF
GHSSAR=X,GHS/SAR
GHSSBD=X,GHS/SBD
GHSSEK=X,GHS/SEK
GHSSGD=X,GHS/SGD
GHSTHB=X,GHS/THB
GHSTND=X,GHS/TND
GHSTOP=X,GHS/TOP
GHSTRY=X,GHS/TRY
GHSTWD=X,GHS/TWD
GHSTZS=X,GHS/TZS
GHSUGX=X,GHS/UGX
GHSUSD=X,GHS/USD
GHSVND=X,GHS/VND
GHSWST=X,GHS/WST
GHSXDR=X,GHS/XDR
GHSXOF=X,GHS/XOF
GHSZAR=X,GHS/ZAR
GHSZMW=X,GHS/ZMW
GHSZWL=X,GHS/ZWL
GIP=X,USD/GIP
GIPCHF=X,GIP/CHF
GIPDKK=X,GIP/DKK
GIPUSD=X,GIP/USD
GMD=X,USD/GMD
GMDCHF=X,GMD/CHF
GMDDKK=X,GMD/DKK
GMDEUR=X,GMD/EUR
GMDGBP=X,GMD/GBP
GMDUSD=X,GMD/USD
GNF=X,USD/GNF
GTQ=X,USD/GTQ
GTQCAD=X,GTQ/CAD
GTQCHF=X,GTQ/CHF
GTQEUR=X,GTQ/EUR
GTQGBP=X,GTQ/GBP
GTQUSD=X,GTQ/USD
GYD=X,USD/GYD
HKD=X,USD/HKD
HKDAED=X,HKD/AED
HKDARS=X,HKD/ARS
HKDAUD=X,HKD/AUD
HKDBDT=X,HKD/BDT
HKDBHD=X,HKD/BHD
HKDBMD=X,HKD/BMD
HKDBOB=X,HKD/BOB
HKDBRL=X,HKD/BRL
HKDBWP=X,HKD/BWP
HKDCAD=X,HKD/CAD
HKDCHF=X,HKD/CHF
HKDCLP=X,HKD/CLP
HKDCNH=X,HKD/CNH
HKDCNY=X,HKD/CNY
HKDCOP=X,HKD/COP
HKDCZK=X,HKD/CZK
HKDDKK=X,HKD/DKK
HKDEGP=X,HKD/EGP
HKDEUR=X,HKD/EUR
HKDGBP=X,HKD/GBP
HKDGHS=X,HKD/GHS
HKDHUF=X,HKD/HUF
HKDIDR=X,HKD/IDR
HKDILS=X,HKD/ILS
HKDINR=X,HKD/INR
HKDISK=X,HKD/ISK
HKDJOD=X,HKD/JOD
HKDJPY=X,HKD/JPY
HKDKES=X,HKD/KES
HKDKRW=X,HKD/KRW
HKDKWD=X,HKD/KWD
HKDLBP=X,HKD/LBP
HKDLKR=X,HKD/LKR
HKDLTL=X,HKD/LTL
HKDLVL=X,HKD/LVL
HKDMAD=X,HKD/MAD
HKDMOP=X,HKD/MOP
HKDMUR=X,HKD/MUR
HKDMXN=X,HKD/MXN
HKDMYR=X,HKD/MYR
HKDNGN=X,HKD/NGN
HKDNOK=X,HKD/NOK
HKDNZD=X,HKD/NZD
HKDOMR=X,HKD/OMR
HKDPEN=X,HKD/PEN
HKDPHP=X,HKD/PHP
HKDPKR=X,HKD/PKR
HKDPLN=X,HKD/PLN
HKDQAR=X,HKD/QAR
HKDRUB=X,HKD/RUB
HKDSAR=X,HKD/SAR
HKDSEK=X,HKD/SEK
HKDSGD=X,HKD/SGD
HKDTHB=X,HKD/THB
HKDTND=X,HKD/TND
HKDTRY=X,HKD/TRY
HKDTWD=X,HKD/TWD
HKDUGX=X,HKD/UGX
HKDUSD=X,HKD/USD
HKDUYU=X,HKD/UYU
HKDVEF=X,HKD/VEF
HKDVND=X,HKD/VND
HKDZAR=X,HKD/ZAR
HKDZWL=X,HKD/ZWL
HNL=X,USD/HNL
HNLCAD=X,HNL/CAD
HNLCHF=X,HNL/CHF
HNLEUR=X,HNL/EUR
HNLGBP=X,HNL/GBP
HNLUSD=X,HNL/USD
HRK=X,USD/HRK
HRKAED=X,HRK/AED
HRKAUD=X,HRK/AUD
HRKBAM=X,HRK/BAM
HRKBRL=X,HRK/BRL
HRKCAD=X,HRK/CAD
HRKCHF=X,HRK/CHF
HRKCNY=X,HRK/CNY
HRKCZK=X,HRK/CZK
HRKDKK=X,HRK/DKK
HRKEUR=X,HRK/EUR
HRKGBP=X,HRK/GBP
HRKHKD=X,HRK/HKD
HRKILS=X,HRK/ILS
HRKINR=X,HRK/INR
HRKJPY=X,HRK/JPY
HRKKRW=X,HRK/KRW
HRKKWD=X,HRK/KWD
HRKLTL=X,HRK/LTL
HRKMKD=X,HRK/MKD
HRKNOK=X,HRK/NOK
HRKNZD=X,HRK/NZD
HRKPLN=X,HRK/PLN
HRKRON=X,HRK/RON
HRKRSD=X,HRK/RSD
HRKRUB=X,HRK/RUB
HRKSEK=X,HRK/SEK
HRKSGD=X,HRK/SGD
HRKTHB=X,HRK/THB
HRKTRY=X,HRK/TRY
HRKUAH=X,HRK/UAH
HRKUSD=X,HRK/USD
HRKZAR=X,HRK/ZAR
HTG=X,USD/HTG
HTGCHF=X,HTG/CHF
HTGEUR=X,HTG/EUR
HTGGBP=X,HTG/GBP
HTGUSD=X,HTG/USD
HUF=X,USD/HUF
HUFAED=X,HUF/AED
HUFAUD=X,HUF/AUD
HUFBAM=X,HUF/BAM
HUFBRL=X,HUF/BRL
HUFCAD=X,HUF/CAD
HUFCNY=X,HUF/CNY
HUFCZK=X,HUF/CZK
HUFDKK=X,HUF/DKK
HUFEGP=X,HUF/EGP
HUFHKD=X,HUF/HKD
HUFIDR=X,HUF/IDR
HUFILS=X,HUF/ILS
HUFINR=X,HUF/INR
HUFISK=X,HUF/ISK
HUFJPY=X,HUF/JPY
HUFKES=X,HUF/KES
HUFKRW=X,HUF/KRW
HUFLKR=X,HUF/LKR
HUFLTL=X,HUF/LTL
HUFMAD=X,HUF/MAD
HUFMUR=X,HUF/MUR
HUFMXN=X,HUF/MXN
HUFMYR=X,HUF/MYR
HUFNOK=X,HUF/NOK
HUFNZD=X,HUF/NZD
HUFPHP=X,HUF/PHP
HUFPLN=X,HUF/PLN
HUFQAR=X,HUF/QAR
HUFRON=X,HUF/RON
HUFRSD=X,HUF/RSD
HUFRUB=X,HUF/RUB
HUFSAR=X,HUF/SAR
HUFSEK=X,HUF/SEK
HUFSGD=X,HUF/SGD
HUFTHB=X,HUF/THB
HUFTND=X,HUF/TND
HUFTRY=X,HUF/TRY
HUFTWD=X,HUF/TWD
HUFUAH=X,HUF/UAH
HUFZAR=X,HUF/ZAR
IDR=X,USD/IDR
IDRBWP=X,IDR/BWP
IDRGHS=X,IDR/GHS
IDRHUF=X,IDR/HUF
IDRINR=X,IDR/INR
IDRISK=X,IDR/ISK
IDRJPY=X,IDR/JPY
IDRKES=X,IDR/KES
IDRKRW=X,IDR/KRW
IDRLKR=X,IDR/LKR
IDRRUB=X,IDR/RUB
IDRUGX=X,IDR/UGX
IEP=X,USD/IEP
IEPCHF=X,IEP/CHF
IEPUSD=X,IEP/USD
ILS=X,USD/ILS
ILSAED=X,ILS/AED
ILSAUD=X,ILS/AUD
ILSBRL=X,ILS/BRL
ILSCAD=X,ILS/CAD
ILSCHF=X,ILS/CHF
ILSCLP=X,ILS/CLP
ILSCNY=X,ILS/CNY
ILSCZK=X,ILS/CZK
ILSDKK=X,ILS/DKK
ILSEGP=X,ILS/EGP
ILSEUR=X,ILS/EUR
ILSGBP=X,ILS/GBP
ILSHKD=X,ILS/HKD
ILSHUF=X,ILS/HUF
ILSIDR=X,ILS/IDR
ILSINR=X,ILS/INR
ILSISK=X,ILS/ISK
ILSJOD=X,ILS/JOD
ILSJPY=X,ILS/JPY
ILSKES=X,ILS/KES
ILSKRW=X,ILS/KRW
ILSKWD=X,ILS/KWD
ILSLKR=X,ILS/LKR
ILSLTL=X,ILS/LTL
ILSLVL=X,ILS/LVL
ILSMAD=X,ILS/MAD
ILSMUR=X,ILS/MUR
ILSMXN=X,ILS/MXN
ILSNOK=X,ILS/NOK
ILSNZD=X,ILS/NZD
ILSOMR=X,ILS/OMR
ILSPHP=X,ILS/PHP
ILSPLN=X,ILS/PLN
ILSQAR=X,ILS/QAR
ILSRUB=X,ILS/RUB
ILSSAR=X,ILS/SAR
ILSSEK=X,ILS/SEK
ILSSGD=X,ILS/SGD
ILSTHB=X,ILS/THB
ILSTND=X,ILS/TND
ILSTRY=X,ILS/TRY
ILSTWD=X,ILS/TWD
ILSUSD=X,ILS/USD
ILSXDR=X,ILS/XDR
ILSZAR=X,ILS/ZAR
INR=X,USD/INR
INRAED=X,INR/AED
INRAUD=X,INR/AUD
INRBGN=X,INR/BGN
INRBRL=X,INR/BRL
INRBWP=X,INR/BWP
INRCAD=X,INR/CAD
INRCHF=X,INR/CHF
INRCNY=X,INR/CNY
INRCZK=X,INR/CZK
INRDKK=X,INR/DKK
INREGP=X,INR/EGP
INREUR=X,INR/EUR
INRGBP=X,INR/GBP
INRGHS=X,INR/GHS
INRHKD=X,INR/HKD
INRHUF=X,INR/HUF
INRIDR=X,INR/IDR
INRILS=X,INR/ILS
INRISK=X,INR/ISK
INRJOD=X,INR/JOD
INRJPY=X,INR/JPY
INRKES=X,INR/KES
INRKRW=X,INR/KRW
INRLKR=X,INR/LKR
INRLTL=X,INR/LTL
INRLVL=X,INR/LVL
INRMAD=X,INR/MAD
INRMUR=X,INR/MUR
INRMXN=X,INR/MXN
INRMYR=X,INR/MYR
INRNOK=X,INR/NOK
INRNZD=X,INR/NZD
INROMR=X,INR/OMR
INRPHP=X,INR/PHP
INRPKR=X,INR/PKR
INRPLN=X,INR/PLN
INRQAR=X,INR/QAR
INRRUB=X,INR/RUB
INRSAR=X,INR/SAR
INRSEK=X,INR/SEK
INRSGD=X,INR/SGD
INRTHB=X,INR/THB
INRTND=X,INR/TND
INRTRY=X,INR/TRY
INRTWD=X,INR/TWD
INRTZS=X,INR/TZS
INRUGX=X,INR/UGX
INRUSD=X,INR/USD
INRXDR=X,INR/XDR
INRZAR=X,INR/ZAR
IQD=X,USD/IQD
IRR=X,USD/IRR
ISK=X,USD/ISK
ISKAED=X,ISK/AED
ISKAUD=X,ISK/AUD
ISKCAD=X,ISK/CAD
ISKCHF=X,ISK/CHF
ISKCNY=X,ISK/CNY
ISKCZK=X,ISK/CZK
ISKDKK=X,ISK/DKK
ISKEGP=X,ISK/EGP
ISKEUR=X,ISK/EUR
ISKGBP=X,ISK/GBP
ISKHKD=X,ISK/HKD
ISKHUF=X,ISK/HUF
ISKIDR=X,ISK/IDR
ISKILS=X,ISK/ILS
ISKINR=X,ISK/INR
ISKJOD=X,ISK/JOD
ISKJPY=X,ISK/JPY
ISKKES=X,ISK/KES
ISKKRW=X,ISK/KRW
ISKLKR=X,ISK/LKR
ISKLTL=X,ISK/LTL
ISKMAD=X,ISK/MAD
ISKMUR=X,ISK/MUR
ISKMXN=X,ISK/MXN
ISKNOK=X,ISK/NOK
ISKNZD=X,ISK/NZD
ISKPHP=X,ISK/PHP
ISKPLN=X,ISK/PLN
ISKQAR=X,ISK/QAR
ISKRUB=X,ISK/RUB
ISKSAR=X,ISK/SAR
ISKSEK=X,ISK/SEK
ISKSGD=X,ISK/SGD
ISKTHB=X,ISK/THB
ISKTND=X,ISK/TND
ISKTRY=X,ISK/TRY
ISKTWD=X,ISK/TWD
ISKUSD=X,ISK/USD
ISKXDR=X,ISK/XDR
ISKZAR=X,ISK/ZAR
JMD=X,USD/JMD
JMDCAD=X,JMD/CAD
JMDCHF=X,JMD/CHF
JMDDKK=X,JMD/DKK
JMDEUR=X,JMD/EUR
JMDGBP=X,JMD/GBP
JMDUSD=X,JMD/USD
JOD=X,USD/JOD
JODAED=X,JOD/AED
JODAMD=X,JOD/AMD
JODAUD=X,JOD/AUD
JODCAD=X,JOD/CAD
JODCHF=X,JOD/CHF
JODCNY=X,JOD/CNY
JODCZK=X,JOD/CZK
JODDKK=X,JOD/DKK
JODEGP=X,JOD/EGP
JODEUR=X,JOD/EUR
JODGBP=X,JOD/GBP
JODHKD=X,JOD/HKD
JODHUF=X,JOD/HUF
JODIDR=X,JOD/IDR
JODILS=X,JOD/ILS
JODINR=X,JOD/INR
JODJPY=X,JOD/JPY
JODKES=X,JOD/KES
JODKRW=X,JOD/KRW
JODKWD=X,JOD/KWD
JODLKR=X,JOD/LKR
JODLTL=X,JOD/LTL
JODLVL=X,JOD/LVL
JODMAD=X,JOD/MAD
JODMUR=X,JOD/MUR
JODMXN=X,JOD/MXN
JODNOK=X,JOD/NOK
JODNZD=X,JOD/NZD
JODOMR=X,JOD/OMR
JODPHP=X,JOD/PHP
JODPLN=X,JOD/PLN
JODQAR=X,JOD/QAR
JODRUB=X,JOD/RUB
JODSAR=X,JOD/SAR
JODSEK=X,JOD/SEK
JODSGD=X,JOD/SGD
JODTHB=X,JOD/THB
JODTND=X,JOD/TND
JODTRY=X,JOD/TRY
JODTWD=X,JOD/TWD
JODUSD=X,JOD/USD
JODZAR=X,JOD/ZAR
JPY=X,USD/JPY
JPYAED=X,JPY/AED
JPYAFN=X,JPY/AFN
JPYALL=X,JPY/ALL
JPYAMD=X,JPY/AMD
JPYANG=X,JPY/ANG
JPYAOA=X,JPY/AOA
JPYARS=X,JPY/ARS
JPYAUD=X,JPY/AUD
JPYAWG=X,JPY/AWG
JPYAZN=X,JPY/AZN
JPYBAM=X,JPY/BAM
JPYBBD=X,JPY/BBD
JPYBDT=X,JPY/BDT
JPYBGN=X,JPY/BGN
JPYBIF=X,JPY/BIF
JPYBMD=X,JPY/BMD
JPYBND=X,JPY/BND
JPYBOB=X,JPY/BOB
JPYBRL=X,JPY/BRL
JPYBSD=X,JPY/BSD
JPYBTN=X,JPY/BTN
JPYBWP=X,JPY/BWP
JPYBYR=X,JPY/BYR
JPYBZD=X,JPY/BZD
JPYCAD=X,JPY/CAD
JPYCDF=X,JPY/CDF
JPYCHF=X,JPY/CHF
JPYCLP=X,JPY/CLP
JPYCNH=X,JPY/CNH
JPYCNY=X,JPY/CNY
JPYCOP=X,JPY/COP
JPYCRC=X,JPY/CRC
JPYCUP=X,JPY/CUP
JPYCVE=X,JPY/CVE
JPYCZK=X,JPY/CZK
JPYDJF=X,JPY/DJF
JPYDKK=X,JPY/DKK
JPYDOP=X,JPY/DOP
JPYDZD=X,JPY/DZD
JPYEGP=X,JPY/EGP
JPYERN=X,JPY/ERN
JPYETB=X,JPY/ETB
JPYEUR=X,JPY/EUR
JPYFJD=X,JPY/FJD
JPYFKP=X,JPY/FKP
JPYGBP=X,JPY/GBP
JPYGEL=X,JPY/GEL
JPYGHS=X,JPY/GHS
JPYGIP=X,JPY/GIP
JPYGMD=X,JPY/GMD
JPYGNF=X,JPY/GNF
JPYGTQ=X,JPY/GTQ
JPYGYD=X,JPY/GYD
JPYHKD=X,JPY/HKD
JPYHNL=X,JPY/HNL
JPYHRK=X,JPY/HRK
JPYHTG=X,JPY/HTG
JPYHUF=X,JPY/HUF
JPYIDR=X,JPY/IDR
JPYILS=X,JPY/ILS
JPYINR=X,JPY/INR
JPYIQD=X,JPY/IQD
JPYIRR=X,JPY/IRR
JPYISK=X,JPY/ISK
JPYITL=X,JPY/ITL
JPYJMD=X,JPY/JMD
JPYJOD=X,JPY/JOD
JPYKES=X,JPY/KES
JPYKGS=X,JPY/KGS
JPYKHR=X,JPY/KHR
JPYKMF=X,JPY/KMF
JPYKPW=X,JPY/KPW
JPYKRW=X,JPY/KRW
JPYKYD=X,JPY/KYD
JPYKZT=X,JPY/KZT
JPYLAK=X,JPY/LAK
JPYLBP=X,JPY/LBP
JPYLKR=X,JPY/LKR
JPYLRD=X,JPY/LRD
JPYLSL=X,JPY/LSL
JPYLTL=X,JPY/LTL
JPYLVL=X,JPY/LVL
JPYLYD=X,JPY/LYD
JPYMAD=X,JPY/MAD
JPYMDL=X,JPY/MDL
JPYMGA=X,JPY/MGA
JPYMKD=X,JPY/MKD
JPYMMK=X,JPY/MMK
JPYMNT=X,JPY/MNT
JPYMOP=X,JPY/MOP
JPYMRO=X,JPY/MRO
JPYMUR=X,JPY/MUR
JPYMVR=X,JPY/MVR
JPYMWK=X,JPY/MWK
JPYMXN=X,JPY/MXN
JPYMYR=X,JPY/MYR
JPYMZN=X,JPY/MZN
JPYNAD=X,JPY/NAD
JPYNGN=X,JPY/NGN
JPYNIO=X,JPY/NIO
JPYNOK=X,JPY/NOK
JPYNPR=X,JPY/NPR
JPYNZD=X,JPY/NZD
JPYPAB=X,JPY/PAB
JPYPEN=X,JPY/PEN
JPYPGK=X,JPY/PGK
JPYPHP=X,JPY/PHP
JPYPKR=X,JPY/PKR
JPYPLN=X,JPY/PLN
JPYPYG=X,JPY/PYG
JPYQAR=X,JPY/QAR
JPYRON=X,JPY/RON
JPYRSD=X,JPY/RSD
JPYRUB=X,JPY/RUB
JPYRWF=X,JPY/RWF
JPYSAR=X,JPY/SAR
JPYSBD=X,JPY/SBD
JPYSCR=X,JPY/SCR
JPYSDG=X,JPY/SDG
JPYSEK=X,JPY/SEK
JPYSGD=X,JPY/SGD
JPYSHP=X,JPY/SHP
JPYSLL=X,JPY/SLL
JPYSOS=X,JPY/SOS
JPYSRD=X,JPY/SRD
JPYSTD=X,JPY/STD
JPYSVC=X,JPY/SVC
JPYSYP=X,JPY/SYP
JPYSZL=X,JPY/SZL
JPYTHB=X,JPY/THB
JPYTJS=X,JPY/TJS
JPYTMT=X,JPY/TMT
JPYTND=X,JPY/TND
JPYTOP=X,JPY/TOP
JPYTRY=X,JPY/TRY
JPYTTD=X,JPY/TTD
JPYTWD=X,JPY/TWD
JPYTZS=X,JPY/TZS
JPYUAH=X,JPY/UAH
JPYUGX=X,JPY/UGX
JPYUSD=X,JPY/USD
JPYUYU=X,JPY/UYU
JPYUZS=X,JPY/UZS
JPYVEF=X,JPY/VEF
JPYVND=X,JPY/VND
JPYVUV=X,JPY/VUV
JPYWST=X,JPY/WST
JPYXAF=X,JPY/XAF
JPYXCD=X,JPY/XCD
JPYXDR=X,JPY/XDR
JPYXOF=X,JPY/XOF
JPYXPF=X,JPY/XPF
JPYYER=X,JPY/YER
JPYZAR=X,JPY/ZAR
JPYZMW=X,JPY/ZMW
JPYZWL=X,JPY/ZWL
KES=X,USD/KES
KESAED=X,KES/AED
KESAUD=X,KES/AUD
KESCAD=X,KES/CAD
KESCHF=X,KES/CHF
KESCNY=X,KES/CNY
KESCZK=X,KES/CZK
KESDKK=X,KES/DKK
KESEGP=X,KES/EGP
KESEUR=X,KES/EUR
KESGBP=X,KES/GBP
KESHKD=X,KES/HKD
KESHUF=X,KES/HUF
KESIDR=X,KES/IDR
KESILS=X,KES/ILS
KESINR=X,KES/INR
KESISK=X,KES/ISK
KESJOD=X,KES/JOD
KESJPY=X,KES/JPY
KESKRW=X,KES/KRW
KESLKR=X,KES/LKR
KESLTL=X,KES/LTL
KESLVL=X,KES/LVL
KESMAD=X,KES/MAD
KESMUR=X,KES/MUR
KESMXN=X,KES/MXN
KESNOK=X,KES/NOK
KESNZD=X,KES/NZD
KESPHP=X,KES/PHP
KESPLN=X,KES/PLN
KESQAR=X,KES/QAR
KESRUB=X,KES/RUB
KESSAR=X,KES/SAR
KESSEK=X,KES/SEK
KESSGD=X,KES/SGD
KESTHB=X,KES/THB
KESTND=X,KES/TND
KESTRY=X,KES/TRY
KESTWD=X,KES/TWD
KESUSD=X,KES/USD
KESZAR=X,KES/ZAR
KGS=X,USD/KGS
KGSCHF=X,KGS/CHF
KGSEUR=X,KGS/EUR
KGSGBP=X,KGS/GBP
KGSUSD=X,KGS/USD
KHR=X,USD/KHR
KMF=X,USD/KMF
KPW=X,USD/KPW
KRW=X,USD/KRW
KRWBWP=X,KRW/BWP
KRWCNY=X,KRW/CNY
KRWCRC=X,KRW/CRC
KRWCZK=X,KRW/CZK
KRWDKK=X,KRW/DKK
KRWEGP=X,KRW/EGP
KRWGHS=X,KRW/GHS
KRWHKD=X,KRW/HKD
KRWHUF=X,KRW/HUF
KRWIDR=X,KRW/IDR
KRWINR=X,KRW/INR
KRWISK=X,KRW/ISK
KRWJPY=X,KRW/JPY
KRWKES=X,KRW/KES
KRWLKR=X,KRW/LKR
KRWMAD=X,KRW/MAD
KRWMUR=X,KRW/MUR
KRWMXN=X,KRW/MXN
KRWNOK=X,KRW/NOK
KRWPHP=X,KRW/PHP
KRWPKR=X,KRW/PKR
KRWRUB=X,KRW/RUB
KRWSEK=X,KRW/SEK
KRWTHB=X,KRW/THB
KRWTWD=X,KRW/TWD
KRWUGX=X,KRW/UGX
KRWZAR=X,KRW/ZAR
KWD=X,USD/KWD
KWDAED=X,Kuwaiti Dinar (b) vs UAE Dirham
KWDAUD=X,KWD/AUD
KWDBHD=X,KWD/BHD
KWDCAD=X,KWD/CAD
KWDCHF=X,KWD/CHF
KWDCNY=X,KWD/CNY
KWDCZK=X,KWD/CZK
KWDDKK=X,KWD/DKK
KWDEGP=X,KWD/EGP
KWDEUR=X,KWD/EUR
KWDGBP=X,KWD/GBP
KWDHKD=X,KWD/HKD
KWDHUF=X,KWD/HUF
KWDIDR=X,KWD/IDR
KWDILS=X,KWD/ILS
KWDINR=X,KWD/INR
KWDISK=X,KWD/ISK
KWDJOD=X,KWD/JOD
KWDJPY=X,KWD/JPY
KWDKES=X,KWD/KES
KWDLKR=X,KWD/LKR
KWDLTL=X,KWD/LTL
KWDLVL=X,KWD/LVL
KWDMAD=X,KWD/MAD
KWDMUR=X,KWD/MUR
KWDMXN=X,KWD/MXN
KWDNOK=X,KWD/NOK
KWDNZD=X,KWD/NZD
KWDOMR=X,KWD/OMR
KWDPHP=X,KWD/PHP
KWDPKR=X,KWD/PKR
KWDPLN=X,KWD/PLN
KWDQAR=X,KWD/QAR
KWDRSD=X,KWD/RSD
KWDRUB=X,KWD/RUB
KWDSAR=X,KWD/SAR
KWDSEK=X,KWD/SEK
KWDSGD=X,KWD/SGD
KWDTHB=X,KWD/THB
KWDTND=X,KWD/TND
KWDTRY=X,KWD/TRY
KWDTWD=X,KWD/TWD
KWDUSD=X,KWD/USD
KWDXDR=X,KWD/XDR
KWDZAR=X,KWD/ZAR
KYD=X,USD/KYD
KYDCHF=X,KYD/CHF
KYDEUR=X,KYD/EUR
KYDGBP=X,KYD/GBP
KYDUSD=X,KYD/USD
KZT=X,USD/KZT
KZTDKK=X,KZT/DKK
KZTLTL=X,KZT/LTL
LAK=X,USD/LAK
LBP=X,USD/LBP
LKR=X,USD/LKR
LKRAED=X,LKR/AED
LKRAUD=X,LKR/AUD
LKRCAD=X,LKR/CAD
LKRCHF=X,LKR/CHF
LKRCNY=X,LKR/CNY
LKRCZK=X,LKR/CZK
LKRDKK=X,LKR/DKK
LKREGP=X,LKR/EGP
LKREUR=X,LKR/EUR
LKRGBP=X,LKR/GBP
LKRHKD=X,LKR/HKD
LKRHUF=X,LKR/HUF
LKRIDR=X,LKR/IDR
LKRILS=X,LKR/ILS
LKRINR=X,LKR/INR
LKRISK=X,LKR/ISK
LKRJOD=X,LKR/JOD
LKRJPY=X,LKR/JPY
LKRKES=X,LKR/KES
LKRKRW=X,LKR/KRW
LKRLTL=X,LKR/LTL
LKRMAD=X,LKR/MAD
LKRMUR=X,LKR/MUR
LKRMXN=X,LKR/MXN
LKRNOK=X,LKR/NOK
LKRNZD=X,LKR/NZD
LKRPHP=X,LKR/PHP
LKRPLN=X,LKR/PLN
LKRQAR=X,LKR/QAR
LKRRUB=X,LKR/RUB
LKRSAR=X,LKR/SAR
LKRSEK=X,LKR/SEK
LKRSGD=X,LKR/SGD
LKRTHB=X,LKR/THB
LKRTND=X,LKR/TND
LKRTRY=X,LKR/TRY
LKRTWD=X,LKR/TWD
LKRUSD=X,LKR/USD
LKRXDR=X,LKR/XDR
LKRZAR=X,LKR/ZAR
LRD=X,USD/LRD
LRDUSD=X,LRD/USD
LSL=X,USD/LSL
LSLCHF=X,LSL/CHF
LSLEUR=X,LSL/EUR
LSLGBP=X,LSL/GBP
LSLUSD=X,LSL/USD
LTL=X,USD/LTL
LTLAED=X,LTL/AED
LTLAUD=X,LTL/AUD
LTLBRL=X,LTL/BRL
LTLCAD=X,LTL/CAD
LTLCHF=X,LTL/CHF
LTLCNY=X,LTL/CNY
LTLCZK=X,LTL/CZK
LTLDKK=X,LTL/DKK
LTLEGP=X,LTL/EGP
LTLEUR=X,LTL/EUR
LTLGBP=X,LTL/GBP
LTLHKD=X,LTL/HKD
LTLHRK=X,LTL/HRK
LTLHUF=X,LTL/HUF
LTLIDR=X,LTL/IDR
LTLILS=X,LTL/ILS
LTLINR=X,LTL/INR
LTLISK=X,LTL/ISK
LTLJOD=X,LTL/JOD
LTLJPY=X,LTL/JPY
LTLKES=X,LTL/KES
LTLKRW=X,LTL/KRW
LTLKWD=X,LTL/KWD
LTLLKR=X,LTL/LKR
LTLLVL=X,LTL/LVL
LTLMAD=X,LTL/MAD
LTLMUR=X,LTL/MUR
LTLMXN=X,LTL/MXN
LTLNOK=X,LTL/NOK
LTLNZD=X,LTL/NZD
LTLOMR=X,LTL/OMR
LTLPHP=X,LTL/PHP
LTLPLN=X,LTL/PLN
LTLQAR=X,LTL/QAR
LTLRON=X,LTL/RON
LTLRSD=X,LTL/RSD
LTLRUB=X,LTL/RUB
LTLSAR=X,LTL/SAR
LTLSEK=X,LTL/SEK
LTLSGD=X,LTL/SGD
LTLTHB=X,LTL/THB
LTLTND=X,LTL/TND
LTLTRY=X,LTL/TRY
LTLTWD=X,LTL/TWD
LTLUSD=X,LTL/USD
LTLZAR=X,LTL/ZAR
LVLAED=X,LVL/AED
LVLAUD=X,LVL/AUD
LVLCAD=X,LVL/CAD
LVLCHF=X,LVL/CHF
LVLCNY=X,LVL/CNY
LVLCZK=X,LVL/CZK
LVLDKK=X,LVL/DKK
LVLEGP=X,LVL/EGP
LVLEUR=X,LVL/EUR
LVLGBP=X,LVL/GBP
LVLHKD=X,LVL/HKD
LVLHUF=X,LVL/HUF
LVLIDR=X,LVL/IDR
LVLILS=X,LVL/ILS
LVLINR=X,LVL/INR
LVLISK=X,LVL/ISK
LVLJOD=X,LVL/JOD
LVLJPY=X,LVL/JPY
LVLKES=X,LVL/KES
LVLKRW=X,LVL/KRW
LVLKWD=X,LVL/KWD
LVLLKR=X,LVL/LKR
LVLLTL=X,LVL/LTL
LVLMAD=X,LVL/MAD
LVLMUR=X,LVL/MUR
LVLMXN=X,LVL/MXN
LVLNOK=X,LVL/NOK
LVLNZD=X,LVL/NZD
LVLOMR=X,LVL/OMR
LVLPHP=X,LVL/PHP
LVLPLN=X,LVL/PLN
LVLQAR=X,LVL/QAR
LVLRUB=X,LVL/RUB
LVLSAR=X,LVL/SAR
LVLSEK=X,LVL/SEK
LVLSGD=X,LVL/SGD
LVLTHB=X,LVL/THB
LVLTND=X,LVL/TND
LVLTRY=X,LVL/TRY
LVLTWD=X,LVL/TWD
LVLUSD=X,LVL/USD
LVLZAR=X,LVL/ZAR
LYD=X,USD/LYD
LYDCHF=X,LYD/CHF
LYDMAD=X,LYD/MAD
LYDUSD=X,LYD/USD
LYDXDR=X,LYD/XDR
MAD=X,USD/MAD
MADAED=X,MAD/AED
MADAUD=X,MAD/AUD
MADCAD=X,MAD/CAD
MADCHF=X,MAD/CHF
MADCNY=X,MAD/CNY
MADCZK=X,MAD/CZK
MADDKK=X,MAD/DKK
MADEGP=X,MAD/EGP
MADEUR=X,MAD/EUR
MADGBP=X,MAD/GBP
MADHKD=X,MAD/HKD
MADHUF=X,MAD/HUF
MADIDR=X,MAD/IDR
MADILS=X,MAD/ILS
MADINR=X,MAD/INR
MADISK=X,MAD/ISK
MADJOD=X,MAD/JOD
MADJPY=X,MAD/JPY
MADKES=X,MAD/KES
MADKRW=X,MAD/KRW
MADKWD=X,MAD/KWD
MADLKR=X,MAD/LKR
MADLTL=X,MAD/LTL
MADLVL=X,MAD/LVL
MADMUR=X,MAD/MUR
MADMXN=X,MAD/MXN
MADNOK=X,MAD/NOK
MADNZD=X,MAD/NZD
MADOMR=X,MAD/OMR
MADPHP=X,MAD/PHP
MADPLN=X,MAD/PLN
MADQAR=X,MAD/QAR
MADRUB=X,MAD/RUB
MADSAR=X,MAD/SAR
MADSEK=X,MAD/SEK
MADSGD=X,MAD/SGD
MADTHB=X,MAD/THB
MADTND=X,MAD/TND
MADTRY=X,MAD/TRY
MADTWD=X,MAD/TWD
MADUSD=X,MAD/USD
MADZAR=X,MAD/ZAR
MDL=X,USD/MDL
MDLCHF=X,MDL/CHF
MDLEUR=X,MDL/EUR
MDLGBP=X,MDL/GBP
MDLUSD=X,MDL/USD
MGA=X,USD/MGA
MKD=X,USD/MKD
MKDDKK=X,MKD/DKK
MKDEUR=X,MKD/EUR
MKDGBP=X,MKD/GBP
MKDJPY=X,MKD/JPY
MKDUSD=X,MKD/USD
MMK=X,USD/MMK
MNT=X,USD/MNT
MOP=X,USD/MOP
MOPAUD=X,MOP/AUD
MOPCAD=X,MOP/CAD
MOPCHF=X,MOP/CHF
MOPEUR=X,MOP/EUR
MOPGBP=X,MOP/GBP
MOPHKD=X,MOP/HKD
MOPJPY=X,MOP/JPY
MOPSGD=X,MOP/SGD
MOPUSD=X,MOP/USD
MRO=X,USD/MRO
MROMAD=X,MRO/MAD
MUR=X,USD/MUR
MURAED=X,MUR/AED
MURAUD=X,MUR/AUD
MURCAD=X,MUR/CAD
MURCHF=X,MUR/CHF
MURCNY=X,MUR/CNY
MURCZK=X,MUR/CZK
MURDKK=X,MUR/DKK
MUREGP=X,MUR/EGP
MUREUR=X,MUR/EUR
MURGBP=X,MUR/GBP
MURHKD=X,MUR/HKD
MURHUF=X,MUR/HUF
MURIDR=X,MUR/IDR
MURILS=X,MUR/ILS
MURINR=X,MUR/INR
MURISK=X,MUR/ISK
MURJOD=X,MUR/JOD
MURJPY=X,MUR/JPY
MURKES=X,MUR/KES
MURKRW=X,MUR/KRW
MURKWD=X,MUR/KWD
MURLKR=X,MUR/LKR
MURLTL=X,MUR/LTL
MURLVL=X,MUR/LVL
MURMAD=X,MUR/MAD
MURMXN=X,MUR/MXN
MURNOK=X,MUR/NOK
MURNZD=X,MUR/NZD
MUROMR=X,MUR/OMR
MURPHP=X,MUR/PHP
MURPLN=X,MUR/PLN
MURQAR=X,MUR/QAR
MURRUB=X,MUR/RUB
MURSAR=X,MUR/SAR
MURSEK=X,MUR/SEK
MURSGD=X,MUR/SGD
MURTHB=X,MUR/THB
MURTND=X,MUR/TND
MURTRY=X,MUR/TRY
MURTWD=X,MUR/TWD
MURUSD=X,MUR/USD
MURXDR=X,MUR/XDR
MURZAR=X,MUR/ZAR
MVR=X,USD/MVR
MVRCHF=X,MVR/CHF
MVREUR=X,MVR/EUR
MVRGBP=X,MVR/GBP
MVRUSD=X,MVR/USD
MWK=X,USD/MWK
MXN=X,USD/MXN
MXNAED=X,MXN/AED
MXNARS=X,MXN/ARS
MXNAUD=X,MXN/AUD
MXNBOB=X,MXN/BOB
MXNBRL=X,MXN/BRL
MXNCAD=X,MXN/CAD
MXNCHF=X,MXN/CHF
MXNCLP=X,MXN/CLP
MXNCNY=X,MXN/CNY
MXNCOP=X,MXN/COP
MXNCZK=X,MXN/CZK
MXNDKK=X,MXN/DKK
MXNEGP=X,MXN/EGP
MXNEUR=X,MXN/EUR
MXNGBP=X,MXN/GBP
MXNHKD=X,MXN/HKD
MXNHUF=X,MXN/HUF
MXNIDR=X,MXN/IDR
MXNILS=X,MXN/ILS
MXNINR=X,MXN/INR
MXNISK=X,MXN/ISK
MXNJOD=X,MXN/JOD
MXNJPY=X,MXN/JPY
MXNKES=X,MXN/KES
MXNKRW=X,MXN/KRW
MXNKWD=X,MXN/KWD
MXNLKR=X,MXN/LKR
MXNLTL=X,MXN/LTL
MXNLVL=X,MXN/LVL
MXNMAD=X,MXN/MAD
MXNMUR=X,MXN/MUR
MXNMYR=X,MXN/MYR
MXNNOK=X,MXN/NOK
MXNNZD=X,MXN/NZD
MXNOMR=X,MXN/OMR
MXNPEN=X,MXN/PEN
MXNPHP=X,MXN/PHP
MXNPLN=X,MXN/PLN
MXNPYG=X,MXN/PYG
MXNQAR=X,MXN/QAR
MXNRUB=X,MXN/RUB
MXNSAR=X,MXN/SAR
MXNSEK=X,MXN/SEK
MXNSGD=X,MXN/SGD
MXNTHB=X,MXN/THB
MXNTND=X,MXN/TND
MXNTRY=X,MXN/TRY
MXNTWD=X,MXN/TWD
MXNUSD=X,MXN/USD
MXNUYU=X,MXN/UYU
MXNVEF=X,MXN/VEF
MXNXDR=X,MXN/XDR
MXNZAR=X,MXN/ZAR
MXV=X,USD/MXV
MXVMXN=X,MXV/MXN
MXVUSD=X,MXV/USD
MYR=X,USD/MYR
MYRAED=X,MYR/AED
MYRARS=X,MYR/ARS
MYRAUD=X,MYR/AUD
MYRBHD=X,MYR/BHD
MYRBMD=X,MYR/BMD
MYRBOB=X,MYR/BOB
MYRBRL=X,MYR/BRL
MYRCAD=X,MYR/CAD
MYRCHF=X,MYR/CHF
MYRCLP=X,MYR/CLP
MYRCNH=X,MYR/CNH
MYRCNY=X,MYR/CNY
MYRCOP=X,MYR/COP
MYRDKK=X,MYR/DKK
MYREGP=X,MYR/EGP
MYREUR=X,MYR/EUR
MYRGBP=X,MYR/GBP
MYRHKD=X,MYR/HKD
MYRIDR=X,MYR/IDR
MYRILS=X,MYR/ILS
MYRINR=X,MYR/INR
MYRJOD=X,MYR/JOD
MYRJPY=X,MYR/JPY
MYRKRW=X,MYR/KRW
MYRKWD=X,MYR/KWD
MYRLBP=X,MYR/LBP
MYRMAD=X,MYR/MAD
MYRMUR=X,MYR/MUR
MYRMXN=X,MYR/MXN
MYRNGN=X,MYR/NGN
MYRNOK=X,MYR/NOK
MYRNZD=X,MYR/NZD
MYROMR=X,MYR/OMR
MYRPEN=X,MYR/PEN
MYRPHP=X,MYR/PHP
MYRPKR=X,MYR/PKR
MYRRUB=X,MYR/RUB
MYRSAR=X,MYR/SAR
MYRSEK=X,MYR/SEK
MYRSGD=X,MYR/SGD
MYRTHB=X,MYR/THB
MYRTND=X,MYR/TND
MYRTRY=X,MYR/TRY
MYRTWD=X,MYR/TWD
MYRUSD=X,MYR/USD
MYRUYU=X,MYR/UYU
MYRVEF=X,MYR/VEF
MYRXDR=X,MYR/XDR
MYRZAR=X,MYR/ZAR
MYRZWL=X,MYR/ZWL
MZN=X,USD/MZN
MZNCAD=X,MZN/CAD
MZNCHF=X,MZN/CHF
MZNEUR=X,MZN/EUR
MZNGBP=X,MZN/GBP
MZNJPY=X,MZN/JPY
MZNUSD=X,MZN/USD
NAD=X,USD/NAD
NADCHF=X,NAD/CHF
NADDKK=X,NAD/DKK
NADEUR=X,NAD/EUR
NADGBP=X,NAD/GBP
NADUSD=X,NAD/USD
NADZAR=X,NAD/ZAR
NGN=X,USD/NGN
NGNCHF=X,NGN/CHF
NGNDKK=X,NGN/DKK
NGNTHB=X,NGN/THB
NGNUSD=X,NGN/USD
NGNZAR=X,NGN/ZAR
NIO=X,USD/NIO
NIOCHF=X,NIO/CHF
NIOEUR=X,NIO/EUR
NIOGBP=X,NIO/GBP
NIOUSD=X,NIO/USD
NOK=X,USD/NOK
NOKAED=X,NOK/AED
NOKAUD=X,NOK/AUD
NOKBAM=X,NOK/BAM
NOKBRL=X,NOK/BRL
NOKCAD=X,NOK/CAD
NOKCHF=X,NOK/CHF
NOKCLP=X,NOK/CLP
NOKCNH=X,NOK/CNH
NOKCNY=X,NOK/CNY
NOKCZK=X,NOK/CZK
NOKDKK=X,NOK/DKK
NOKEGP=X,NOK/EGP
NOKEUR=X,NOK/EUR
NOKGBP=X,NOK/GBP
NOKHKD=X,NOK/HKD
NOKHUF=X,NOK/HUF
NOKIDR=X,NOK/IDR
NOKILS=X,NOK/ILS
NOKINR=X,NOK/INR
NOKISK=X,NOK/ISK
NOKJOD=X,NOK/JOD
NOKJPY=X,NOK/JPY
NOKKES=X,NOK/KES
NOKKRW=X,NOK/KRW
NOKKWD=X,NOK/KWD
NOKLKR=X,NOK/LKR
NOKLTL=X,NOK/LTL
NOKLVL=X,NOK/LVL
NOKMAD=X,NOK/MAD
NOKMUR=X,NOK/MUR
NOKMXN=X,NOK/MXN
NOKMYR=X,NOK/MYR
NOKNZD=X,NOK/NZD
NOKOMR=X,NOK/OMR
NOKPHP=X,NOK/PHP
NOKPKR=X,NOK/PKR
NOKPLN=X,NOK/PLN
NOKQAR=X,NOK/QAR
NOKRON=X,NOK/RON
NOKRSD=X,NOK/RSD
NOKRUB=X,NOK/RUB
NOKSAR=X,NOK/SAR
NOKSEK=X,NOK/SEK
NOKSGD=X,NOK/SGD
NOKTHB=X,NOK/THB
NOKTND=X,NOK/TND
NOKTRY=X,NOK/TRY
NOKTWD=X,NOK/TWD
NOKUSD=X,NOK/USD
NOKXDR=X,NOK/XDR
NOKZAR=X,NOK/ZAR
NPR=X,USD/NPR
NPRCHF=X,NPR/CHF
NPREUR=X,NPR/EUR
NPRGBP=X,NPR/GBP
NPRUSD=X,NPR/USD
NPRXDR=X,NPR/XDR
NZD=X,USD/NZD
NZDAED=X,NZD/AED
NZDAUD=X,NZD/AUD
NZDBRL=X,NZD/BRL
NZDCAD=X,NZD/CAD
NZDCHF=X,NZD/CHF
NZDCLP=X,NZD/CLP
NZDCNH=X,NZD/CNH
NZDCNY=X,NZD/CNY
NZDCZK=X,NZD/CZK
NZDDKK=X,NZD/DKK
NZDEGP=X,NZD/EGP
NZDEUR=X,NZD/EUR
NZDFJD=X,NZD/FJD
NZDGBP=X,NZD/GBP
NZDHKD=X,NZD/HKD
NZDHRK=X,NZD/HRK
NZDHUF=X,NZD/HUF
NZDIDR=X,NZD/IDR
NZDILS=X,NZD/ILS
NZDINR=X,NZD/INR
NZDISK=X,NZD/ISK
NZDJOD=X,NZD/JOD
NZDJPY=X,NZD/JPY
NZDKES=X,NZD/KES
NZDKRW=X,NZD/KRW
NZDKWD=X,NZD/KWD
NZDLKR=X,NZD/LKR
NZDLTL=X,NZD/LTL
NZDLVL=X,NZD/LVL
NZDMAD=X,NZD/MAD
NZDMUR=X,NZD/MUR
NZDMXN=X,NZD/MXN
NZDMYR=X,NZD/MYR
NZDNOK=X,NZD/NOK
NZDOMR=X,NZD/OMR
NZDPGK=X,NZD/PGK
NZDPHP=X,NZD/PHP
NZDPKR=X,NZD/PKR
NZDPLN=X,NZD/PLN
NZDQAR=X,NZD/QAR
NZDRSD=X,NZD/RSD
NZDRUB=X,NZD/RUB
NZDSAR=X,NZD/SAR
NZDSEK=X,NZD/SEK
NZDSGD=X,NZD/SGD
NZDTHB=X,NZD/THB
NZDTND=X,NZD/TND
NZDTRY=X,NZD/TRY
NZDTWD=X,NZD/TWD
NZDUAH=X,NZD/UAH
NZDUSD=X,NZD/USD
NZDXDR=X,NZD/XDR
NZDZAR=X,NZD/ZAR
OMR=X,USD/OMR
OMRAED=X,OMR/AED
OMRAUD=X,OMR/AUD
OMRBHD=X,OMR/BHD
OMRCAD=X,OMR/CAD
OMRCHF=X,OMR/CHF
OMRCNY=X,OMR/CNY
OMRCZK=X,OMR/CZK
OMRDKK=X,OMR/DKK
OMREGP=X,OMR/EGP
OMREUR=X,OMR/EUR
OMRGBP=X,OMR/GBP
OMRHKD=X,OMR/HKD
OMRHUF=X,OMR/HUF
OMRIDR=X,OMR/IDR
OMRILS=X,OMR/ILS
OMRINR=X,OMR/INR
OMRISK=X,OMR/ISK
OMRJOD=X,OMR/JOD
OMRJPY=X,OMR/JPY
OMRKES=X,OMR/KES
OMRKRW=X,OMR/KRW
OMRKWD=X,OMR/KWD
OMRLKR=X,OMR/LKR
OMRLTL=X,OMR/LTL
OMRLVL=X,OMR/LVL
OMRMAD=X,OMR/MAD
OMRMUR=X,OMR/MUR
OMRMXN=X,OMR/MXN
OMRNOK=X,OMR/NOK
OMRNZD=X,OMR/NZD
OMRPHP=X,OMR/PHP
OMRPKR=X,OMR/PKR
OMRPLN=X,OMR/PLN
OMRQAR=X,OMR/QAR
OMRRUB=X,OMR/RUB
OMRSAR=X,OMR/SAR
OMRSEK=X,OMR/SEK
OMRSGD=X,OMR/SGD
OMRTHB=X,OMR/THB
OMRTND=X,OMR/TND
OMRTRY=X,OMR/TRY
OMRTWD=X,OMR/TWD
OMRUSD=X,OMR/USD
OMRXDR=X,OMR/XDR
OMRZAR=X,OMR/ZAR
PAB=X,USD/PAB
PABCAD=X,PAB/CAD
PABCHF=X,PAB/CHF
PABDKK=X,PAB/DKK
PABEUR=X,PAB/EUR
PABGBP=X,PAB/GBP
PABUSD=X,PAB/USD
PEN=X,USD/PEN
PENARS=X,PEN/ARS
PENBOB=X,PEN/BOB
PENBRL=X,PEN/BRL
PENCAD=X,PEN/CAD
PENCHF=X,PEN/CHF
PENCLP=X,PEN/CLP
PENCOP=X,PEN/COP
PENDKK=X,PEN/DKK
PENEUR=X,PEN/EUR
PENGBP=X,PEN/GBP
PENMXN=X,PEN/MXN
PENPYG=X,PEN/PYG
PENTHB=X,PEN/THB
PENUSD=X,PEN/USD
PENUYU=X,PEN/UYU
PENVEF=X,PEN/VEF
PGK=X,USD/PGK
PGKCHF=X,PGK/CHF
PGKDKK=X,PGK/DKK
PGKEUR=X,PGK/EUR
PGKGBP=X,PGK/GBP
PGKHKD=X,PGK/HKD
PGKUSD=X,PGK/USD
PHP=X,USD/PHP
PHPAED=X,PHP/AED
PHPAUD=X,PHP/AUD
PHPCAD=X,PHP/CAD
PHPCHF=X,PHP/CHF
PHPCNY=X,PHP/CNY
PHPCZK=X,PHP/CZK
PHPDKK=X,PHP/DKK
PHPEGP=X,PHP/EGP
PHPEUR=X,PHP/EUR
PHPGBP=X,PHP/GBP
PHPHKD=X,PHP/HKD
PHPHUF=X,PHP/HUF
PHPIDR=X,PHP/IDR
PHPILS=X,PHP/ILS
PHPINR=X,PHP/INR
PHPISK=X,PHP/ISK
PHPJOD=X,PHP/JOD
PHPJPY=X,PHP/JPY
PHPKES=X,PHP/KES
PHPKRW=X,PHP/KRW
PHPKWD=X,PHP/KWD
PHPLKR=X,PHP/LKR
PHPLTL=X,PHP/LTL
PHPLVL=X,PHP/LVL
PHPMAD=X,PHP/MAD
PHPMUR=X,PHP/MUR
PHPMXN=X,PHP/MXN
PHPMYR=X,PHP/MYR
PHPNOK=X,PHP/NOK
PHPNZD=X,PHP/NZD
PHPOMR=X,PHP/OMR
PHPPKR=X,PHP/PKR
PHPPLN=X,PHP/PLN
PHPQAR=X,PHP/QAR
PHPRUB=X,PHP/RUB
PHPSAR=X,PHP/SAR
PHPSEK=X,PHP/SEK
PHPSGD=X,PHP/SGD
PHPTHB=X,PHP/THB
PHPTND=X,PHP/TND
PHPTRY=X,PHP/TRY
PHPTWD=X,PHP/TWD
PHPUSD=X,PHP/USD
PHPVND=X,PHP/VND
PHPZAR=X,PHP/ZAR
PKR=X,USD/PKR
PKRAED=X,PKR/AED
PKRAUD=X,PKR/AUD
PKRCAD=X,PKR/CAD
PKRCHF=X,PKR/CHF
PKRDKK=X,PKR/DKK
PKREGP=X,PKR/EGP
PKREUR=X,PKR/EUR
PKRGBP=X,PKR/GBP
PKRHKD=X,PKR/HKD
PKRINR=X,PKR/INR
PKRJPY=X,PKR/JPY
PKRKRW=X,PKR/KRW
PKRNOK=X,PKR/NOK
PKRPHP=X,PKR/PHP
PKRQAR=X,PKR/QAR
PKRSGD=X,PKR/SGD
PKRTHB=X,PKR/THB
PKRUSD=X,PKR/USD
PKRVND=X,PKR/VND
PKRXDR=X,PKR/XDR
PKRZAR=X,PKR/ZAR
PLN=X,USD/PLN
PLNAED=X,PLN/AED
PLNARS=X,PLN/ARS
PLNAUD=X,PLN/AUD
PLNBDT=X,PLN/BDT
PLNBHD=X,PLN/BHD
PLNBMD=X,PLN/BMD
PLNBND=X,PLN/BND
PLNBOB=X,PLN/BOB
PLNBRL=X,PLN/BRL
PLNCAD=X,PLN/CAD
PLNCHF=X,PLN/CHF
PLNCLP=X,PLN/CLP
PLNCNY=X,PLN/CNY
PLNCOP=X,PLN/COP
PLNCZK=X,PLN/CZK
PLNDKK=X,PLN/DKK
PLNEGP=X,PLN/EGP
PLNEUR=X,PLN/EUR
PLNGBP=X,PLN/GBP
PLNHKD=X,PLN/HKD
PLNHUF=X,PLN/HUF
PLNIDR=X,PLN/IDR
PLNILS=X,PLN/ILS
PLNINR=X,PLN/INR
PLNISK=X,PLN/ISK
PLNJOD=X,PLN/JOD
PLNJPY=X,PLN/JPY
PLNKES=X,PLN/KES
PLNKRW=X,PLN/KRW
PLNKWD=X,PLN/KWD
PLNLBP=X,PLN/LBP
PLNLKR=X,PLN/LKR
PLNLTL=X,PLN/LTL
PLNLVL=X,PLN/LVL
PLNMAD=X,PLN/MAD
PLNMUR=X,PLN/MUR
PLNMXN=X,PLN/MXN
PLNMYR=X,PLN/MYR
PLNNGN=X,PLN/NGN
PLNNOK=X,PLN/NOK
PLNNZD=X,PLN/NZD
PLNOMR=X,PLN/OMR
PLNPEN=X,PLN/PEN
PLNPGK=X,PLN/PGK
PLNPHP=X,PLN/PHP
PLNPKR=X,PLN/PKR
PLNQAR=X,PLN/QAR
PLNRON=X,PLN/RON
PLNRSD=X,PLN/RSD
PLNRUB=X,PLN/RUB
PLNSAR=X,PLN/SAR
PLNSEK=X,PLN/SEK
PLNSGD=X,PLN/SGD
PLNTHB=X,PLN/THB
PLNTND=X,PLN/TND
PLNTRY=X,PLN/TRY
PLNTWD=X,PLN/TWD
PLNUSD=X,PLN/USD
PLNUYU=X,PLN/UYU
PLNVEF=X,PLN/VEF
PLNVUV=X,PLN/VUV
PLNXDR=X,PLN/XDR
PLNZAR=X,PLN/ZAR
PLNZWL=X,PLN/ZWL
PYG=X,USD/PYG
PYGCLP=X,PYG/CLP
PYGCOP=X,PYG/COP
PYGUYU=X,PYG/UYU
QAR=X,USD/QAR
QARAED=X,QAR/AED
QARAUD=X,QAR/AUD
QARBHD=X,QAR/BHD
QARCAD=X,QAR/CAD
QARCHF=X,QAR/CHF
QARCNY=X,QAR/CNY
QARCZK=X,QAR/CZK
QARDKK=X,QAR/DKK
QAREGP=X,QAR/EGP
QAREUR=X,QAR/EUR
QARGBP=X,QAR/GBP
QARHKD=X,QAR/HKD
QARHUF=X,QAR/HUF
QARIDR=X,QAR/IDR
QARILS=X,QAR/ILS
QARINR=X,QAR/INR
QARISK=X,QAR/ISK
QARJOD=X,QAR/JOD
QARJPY=X,QAR/JPY
QARKES=X,QAR/KES
QARKRW=X,QAR/KRW
QARKWD=X,QAR/KWD
QARLKR=X,QAR/LKR
QARLTL=X,QAR/LTL
QARLVL=X,QAR/LVL
QARMAD=X,QAR/MAD
QARMUR=X,QAR/MUR
QARMXN=X,QAR/MXN
QARNOK=X,QAR/NOK
QARNZD=X,QAR/NZD
QAROMR=X,QAR/OMR
QARPHP=X,QAR/PHP
QARPKR=X,QAR/PKR
QARPLN=X,QAR/PLN
QARRUB=X,QAR/RUB
QARSAR=X,QAR/SAR
QARSEK=X,QAR/SEK
QARSGD=X,QAR/SGD
QARTHB=X,QAR/THB
QARTND=X,QAR/TND
QARTRY=X,QAR/TRY
QARTWD=X,QAR/TWD
QARUSD=X,QAR/USD
QARXDR=X,QAR/XDR
QARZAR=X,QAR/ZAR
RON=X,USD/RON
RONAED=X,RON/AED
RONAUD=X,RON/AUD
RONBRL=X,RON/BRL
RONCAD=X,RON/CAD
RONCHF=X,RON/CHF
RONCNY=X,RON/CNY
RONCZK=X,RON/CZK
RONDKK=X,RON/DKK
RONEUR=X,RON/EUR
RONGBP=X,RON/GBP
RONHKD=X,RON/HKD
RONHRK=X,RON/HRK
RONILS=X,RON/ILS
RONINR=X,RON/INR
RONJPY=X,RON/JPY
RONKRW=X,RON/KRW
RONKWD=X,RON/KWD
RONLTL=X,RON/LTL
RONNOK=X,RON/NOK
RONNZD=X,RON/NZD
RONPLN=X,RON/PLN
RONRSD=X,RON/RSD
RONRUB=X,RON/RUB
RONSEK=X,RON/SEK
RONSGD=X,RON/SGD
RONTHB=X,RON/THB
RONTRY=X,RON/TRY
RONUAH=X,RON/UAH
RONUSD=X,RON/USD
RONZAR=X,RON/ZAR
RSD=X,USD/RSD
RSDCAD=X,RSD/CAD
RSDCHF=X,RSD/CHF
RSDDKK=X,RSD/DKK
RSDEUR=X,RSD/EUR
RSDGBP=X,RSD/GBP
RSDUSD=X,RSD/USD
RUB=X,USD/RUB
RUBAED=X,RUB/AED
RUBAMD=X,RUB/AMD
RUBAUD=X,RUB/AUD
RUBAZN=X,RUB/AZN
RUBBRL=X,RUB/BRL
RUBBYR=X,RUB/BYR
RUBCAD=X,RUB/CAD
RUBCHF=X,RUB/CHF
RUBCNY=X,RUB/CNY
RUBCZK=X,RUB/CZK
RUBDKK=X,RUB/DKK
RUBEGP=X,RUB/EGP
RUBEUR=X,RUB/EUR
RUBGBP=X,RUB/GBP
RUBHKD=X,RUB/HKD
RUBHUF=X,RUB/HUF
RUBIDR=X,RUB/IDR
RUBILS=X,RUB/ILS
RUBINR=X,RUB/INR
RUBISK=X,RUB/ISK
RUBJOD=X,RUB/JOD
RUBJPY=X,RUB/JPY
RUBKES=X,RUB/KES
RUBKGS=X,RUB/KGS
RUBKRW=X,RUB/KRW
RUBKZT=X,RUB/KZT
RUBLKR=X,RUB/LKR
RUBLTL=X,RUB/LTL
RUBLVL=X,RUB/LVL
RUBMAD=X,RUB/MAD
RUBMDL=X,RUB/MDL
RUBMUR=X,RUB/MUR
RUBMXN=X,RUB/MXN
RUBMYR=X,RUB/MYR
RUBNOK=X,RUB/NOK
RUBNZD=X,RUB/NZD
RUBOMR=X,RUB/OMR
RUBPHP=X,RUB/PHP
RUBPLN=X,RUB/PLN
RUBQAR=X,RUB/QAR
RUBSAR=X,RUB/SAR
RUBSEK=X,RUB/SEK
RUBSGD=X,RUB/SGD
RUBTHB=X,RUB/THB
RUBTJS=X,RUB/TJS
RUBTMT=X,RUB/TMT
RUBTND=X,RUB/TND
RUBTRY=X,RUB/TRY
RUBTWD=X,RUB/TWD
RUBUSD=X,RUB/USD
RUBUZS=X,RUB/UZS
RUBZAR=X,RUB/ZAR
RWF=X,USD/RWF
SAR=X,USD/SAR
SARAED=X,SAR/AED
SARAUD=X,SAR/AUD
SARBHD=X,SAR/BHD
SARCAD=X,SAR/CAD
SARCHF=X,SAR/CHF
SARCNY=X,SAR/CNY
SARCZK=X,SAR/CZK
SARDKK=X,SAR/DKK
SAREGP=X,SAR/EGP
SAREUR=X,SAR/EUR
SARGBP=X,SAR/GBP
SARHKD=X,SAR/HKD
SARHUF=X,SAR/HUF
SARIDR=X,SAR/IDR
SARILS=X,SAR/ILS
SARINR=X,SAR/INR
SARISK=X,SAR/ISK
SARJOD=X,SAR/JOD
SARJPY=X,SAR/JPY
SARKES=X,SAR/KES
SARKRW=X,SAR/KRW
SARKWD=X,SAR/KWD
SARLKR=X,SAR/LKR
SARLTL=X,SAR/LTL
SARLVL=X,SAR/LVL
SARMAD=X,SAR/MAD
SARMUR=X,SAR/MUR
SARMXN=X,SAR/MXN
SARNOK=X,SAR/NOK
SARNZD=X,SAR/NZD
SAROMR=X,SAR/OMR
SARPHP=X,SAR/PHP
SARPKR=X,SAR/PKR
SARPLN=X,SAR/PLN
SARQAR=X,SAR/QAR
SARRUB=X,SAR/RUB
SARSEK=X,SAR/SEK
SARSGD=X,SAR/SGD
SARTHB=X,SAR/THB
SARTND=X,SAR/TND
SARTRY=X,SAR/TRY
SARTWD=X,SAR/TWD
SARUSD=X,SAR/USD
SARXDR=X,SAR/XDR
SARZAR=X,SAR/ZAR
SBD=X,USD/SBD
SBDCHF=X,SBD/CHF
SBDEUR=X,SBD/EUR
SBDGBP=X,SBD/GBP
SBDUSD=X,SBD/USD
SCR=X,USD/SCR
SCRCHF=X,SCR/CHF
SCRDKK=X,SCR/DKK
SCREUR=X,SCR/EUR
SCRGBP=X,SCR/GBP
SCRUSD=X,SCR/USD
SDG=X,USD/SDG
SDGCHF=X,SDG/CHF
SDGEUR=X,SDG/EUR
SDGGBP=X,SDG/GBP
SDGUSD=X,SDG/USD
SEK=X,USD/SEK
SEKAED=X,SEK/AED
SEKAMD=X,SEK/AMD
SEKANG=X,SEK/ANG
SEKAUD=X,SEK/AUD
SEKBAM=X,SEK/BAM
SEKBGN=X,SEK/BGN
SEKBRL=X,SEK/BRL
SEKBWP=X,SEK/BWP
SEKCAD=X,SEK/CAD
SEKCHF=X,SEK/CHF
SEKCLP=X,SEK/CLP
SEKCNH=X,SEK/CNH
SEKCNY=X,SEK/CNY
SEKCZK=X,SEK/CZK
SEKDKK=X,SEK/DKK
SEKEGP=X,SEK/EGP
SEKEUR=X,SEK/EUR
SEKGBP=X,SEK/GBP
SEKGIP=X,SEK/GIP
SEKHKD=X,SEK/HKD
SEKHUF=X,SEK/HUF
SEKIDR=X,SEK/IDR
SEKILS=X,SEK/ILS
SEKINR=X,SEK/INR
SEKISK=X,SEK/ISK
SEKJMD=X,SEK/JMD
SEKJOD=X,SEK/JOD
SEKJPY=X,SEK/JPY
SEKKES=X,SEK/KES
SEKKPW=X,SEK/KPW
SEKKRW=X,SEK/KRW
SEKKWD=X,SEK/KWD
SEKLKR=X,SEK/LKR
SEKLTL=X,SEK/LTL
SEKLVL=X,SEK/LVL
SEKMAD=X,SEK/MAD
SEKMUR=X,SEK/MUR
SEKMXN=X,SEK/MXN
SEKMYR=X,SEK/MYR
SEKNOK=X,SEK/NOK
SEKNZD=X,SEK/NZD
SEKOMR=X,SEK/OMR
SEKPHP=X,SEK/PHP
SEKPKR=X,SEK/PKR
SEKPLN=X,SEK/PLN
SEKQAR=X,SEK/QAR
SEKRON=X,SEK/RON
SEKRSD=X,SEK/RSD
SEKRUB=X,SEK/RUB
SEKSAR=X,SEK/SAR
SEKSGD=X,SEK/SGD
SEKTHB=X,SEK/THB
SEKTND=X,SEK/TND
SEKTRY=X,SEK/TRY
SEKTWD=X,SEK/TWD
SEKUSD=X,SEK/USD
SEKXDR=X,SEK/XDR
SEKZAR=X,SEK/ZAR
SGD=X,USD/SGD
SGDAED=X,SGD/AED
SGDARS=X,SGD/ARS
SGDAUD=X,SGD/AUD
SGDBDT=X,SGD/BDT
SGDBGN=X,SGD/BGN
SGDBHD=X,SGD/BHD
SGDBMD=X,SGD/BMD
SGDBOB=X,SGD/BOB
SGDBRL=X,SGD/BRL
SGDBWP=X,SGD/BWP
SGDCAD=X,SGD/CAD
SGDCHF=X,SGD/CHF
SGDCLP=X,SGD/CLP
SGDCNH=X,SGD/CNH
SGDCNY=X,SGD/CNY
SGDCOP=X,SGD/COP
SGDCZK=X,SGD/CZK
SGDDKK=X,SGD/DKK
SGDEGP=X,SGD/EGP
SGDEUR=X,SGD/EUR
SGDGBP=X,SGD/GBP
SGDGHS=X,SGD/GHS
SGDHKD=X,SGD/HKD
SGDHUF=X,SGD/HUF
SGDIDR=X,SGD/IDR
SGDILS=X,SGD/ILS
SGDINR=X,SGD/INR
SGDISK=X,SGD/ISK
SGDJOD=X,SGD/JOD
SGDJPY=X,SGD/JPY
SGDKES=X,SGD/KES
SGDKRW=X,SGD/KRW
SGDKWD=X,SGD/KWD
SGDLBP=X,SGD/LBP
SGDLKR=X,SGD/LKR
SGDLTL=X,SGD/LTL
SGDLVL=X,SGD/LVL
SGDMAD=X,SGD/MAD
SGDMOP=X,SGD/MOP
SGDMUR=X,SGD/MUR
SGDMXN=X,SGD/MXN
SGDMYR=X,SGD/MYR
SGDNGN=X,SGD/NGN
SGDNOK=X,SGD/NOK
SGDNZD=X,SGD/NZD
SGDOMR=X,SGD/OMR
SGDPEN=X,SGD/PEN
SGDPHP=X,SGD/PHP
SGDPKR=X,SGD/PKR
SGDPLN=X,SGD/PLN
SGDQAR=X,SGD/QAR
SGDRUB=X,SGD/RUB
SGDSAR=X,SGD/SAR
SGDSEK=X,SGD/SEK
SGDTHB=X,SGD/THB
SGDTND=X,SGD/TND
SGDTRY=X,SGD/TRY
SGDTWD=X,SGD/TWD
SGDUGX=X,SGD/UGX
SGDUSD=X,SGD/USD
SGDUYU=X,SGD/UYU
SGDVEF=X,SGD/VEF
SGDVND=X,SGD/VND
SGDXDR=X,SGD/XDR
SGDZAR=X,SGD/ZAR
SGDZWL=X,SGD/ZWL
SHP=X,USD/SHP
SHPCHF=X,SHP/CHF
SHPUSD=X,SHP/USD
SIT=X,USD/SIT
SLL=X,USD/SLL
SOS=X,USD/SOS
SRD=X,USD/SRD
SRDCHF=X,SRD/CHF
SRDEUR=X,SRD/EUR
SRDGBP=X,SRD/GBP
SRDUSD=X,SRD/USD
STD=X,USD/STD
SVC=X,USD/SVC
SVCCHF=X,SVC/CHF
SVCEUR=X,SVC/EUR
SVCGBP=X,SVC/GBP
SVCUSD=X,SVC/USD
SYP=X,USD/SYP
SYPCHF=X,SYP/CHF
SYPDKK=X,SYP/DKK
SYPHKD=X,SYP/HKD
SYPQAR=X,SYP/QAR
SYPSGD=X,SYP/SGD
SYPUSD=X,SYP/USD
SZL=X,USD/SZL
SZLCHF=X,SZL/CHF
SZLEUR=X,SZL/EUR
SZLGBP=X,SZL/GBP
SZLUSD=X,SZL/USD
THB=X,USD/THB
THBAED=X,THB/AED
THBARS=X,THB/ARS
THBAUD=X,THB/AUD
THBBHD=X,THB/BHD
THBBMD=X,THB/BMD
THBBOB=X,THB/BOB
THBBRL=X,THB/BRL
THBCAD=X,THB/CAD
THBCHF=X,THB/CHF
THBCLP=X,THB/CLP
THBCNY=X,THB/CNY
THBCOP=X,THB/COP
THBCZK=X,THB/CZK
THBDKK=X,THB/DKK
THBEGP=X,THB/EGP
THBEUR=X,THB/EUR
THBGBP=X,THB/GBP
THBHKD=X,THB/HKD
THBHUF=X,THB/HUF
THBIDR=X,THB/IDR
THBILS=X,THB/ILS
THBINR=X,THB/INR
THBISK=X,THB/ISK
THBJOD=X,THB/JOD
THBJPY=X,THB/JPY
THBKES=X,THB/KES
THBKRW=X,THB/KRW
THBKWD=X,THB/KWD
THBLBP=X,THB/LBP
THBLKR=X,THB/LKR
THBLTL=X,THB/LTL
THBLVL=X,THB/LVL
THBMAD=X,THB/MAD
THBMUR=X,THB/MUR
THBMXN=X,THB/MXN
THBMYR=X,THB/MYR
THBNGN=X,THB/NGN
THBNOK=X,THB/NOK
THBNZD=X,THB/NZD
THBOMR=X,THB/OMR
THBPEN=X,THB/PEN
THBPHP=X,THB/PHP
THBPKR=X,THB/PKR
THBPLN=X,THB/PLN
THBQAR=X,THB/QAR
THBRUB=X,THB/RUB
THBSAR=X,THB/SAR
THBSEK=X,THB/SEK
THBSGD=X,THB/SGD
THBTND=X,THB/TND
THBTRY=X,THB/TRY
THBTWD=X,THB/TWD
THBUSD=X,THB/USD
THBUYU=X,THB/UYU
THBVEF=X,THB/VEF
THBXDR=X,THB/XDR
THBZAR=X,THB/ZAR
THBZWL=X,THB/ZWL
TJS=X,USD/TJS
TJSCHF=X,TJS/CHF
TJSUSD=X,TJS/USD
TMT=X,USD/TMT
TMTCHF=X,TMT/CHF
TMTUSD=X,TMT/USD
TND=X,USD/TND
TNDAED=X,TND/AED
TNDAUD=X,TND/AUD
TNDCAD=X,TND/CAD
TNDCHF=X,TND/CHF
TNDCNY=X,TND/CNY
TNDCZK=X,TND/CZK
TNDDKK=X,TND/DKK
TNDEGP=X,TND/EGP
TNDEUR=X,TND/EUR
TNDGBP=X,TND/GBP
TNDHKD=X,TND/HKD
TNDHUF=X,TND/HUF
TNDIDR=X,TND/IDR
TNDILS=X,TND/ILS
TNDINR=X,TND/INR
TNDISK=X,TND/ISK
TNDJOD=X,TND/JOD
TNDJPY=X,TND/JPY
TNDKES=X,TND/KES
TNDKRW=X,TND/KRW
TNDKWD=X,TND/KWD
TNDLKR=X,TND/LKR
TNDLTL=X,TND/LTL
TNDLVL=X,TND/LVL
TNDMAD=X,TND/MAD
TNDMUR=X,TND/MUR
TNDMXN=X,TND/MXN
TNDNOK=X,TND/NOK
TNDNZD=X,TND/NZD
TNDOMR=X,TND/OMR
TNDPHP=X,TND/PHP
TNDPLN=X,TND/PLN
TNDQAR=X,TND/QAR
TNDRUB=X,TND/RUB
TNDSAR=X,TND/SAR
TNDSEK=X,TND/SEK
TNDSGD=X,TND/SGD
TNDTHB=X,TND/THB
TNDTRY=X,TND/TRY
TNDTWD=X,TND/TWD
TNDUSD=X,TND/USD
TNDZAR=X,TND/ZAR
TOP=X,USD/TOP
TOPCHF=X,TOP/CHF
TOPEUR=X,TOP/EUR
TOPGBP=X,TOP/GBP
TOPUSD=X,TOP/USD
TRY=X,USD/TRY
TRYAED=X,TRY/AED
TRYAUD=X,TRY/AUD
TRYBRL=X,TRY/BRL
TRYCAD=X,TRY/CAD
TRYCHF=X,TRY/CHF
TRYCLP=X,TRY/CLP
TRYCNY=X,TRY/CNY
TRYCZK=X,TRY/CZK
TRYDKK=X,TRY/DKK
TRYEGP=X,TRY/EGP
TRYEUR=X,TRY/EUR
TRYGBP=X,TRY/GBP
TRYHKD=X,TRY/HKD
TRYHUF=X,TRY/HUF
TRYIDR=X,TRY/IDR
TRYILS=X,TRY/ILS
TRYINR=X,TRY/INR
TRYISK=X,TRY/ISK
TRYJOD=X,TRY/JOD
TRYJPY=X,TRY/JPY
TRYKES=X,TRY/KES
TRYKRW=X,TRY/KRW
TRYKWD=X,TRY/KWD
TRYLKR=X,TRY/LKR
TRYLTL=X,TRY/LTL
TRYLVL=X,TRY/LVL
TRYMAD=X,TRY/MAD
TRYMUR=X,TRY/MUR
TRYMXN=X,TRY/MXN
TRYMYR=X,TRY/MYR
TRYNOK=X,TRY/NOK
TRYNZD=X,TRY/NZD
TRYOMR=X,TRY/OMR
TRYPHP=X,TRY/PHP
TRYPLN=X,TRY/PLN
TRYQAR=X,TRY/QAR
TRYRUB=X,TRY/RUB
TRYSAR=X,TRY/SAR
TRYSEK=X,TRY/SEK
TRYSGD=X,TRY/SGD
TRYTHB=X,TRY/THB
TRYTND=X,TRY/TND
TRYTWD=X,TRY/TWD
TRYUSD=X,TRY/USD
TRYZAR=X,TRY/ZAR
TTD=X,USD/TTD
TTDCAD=X,TTD/CAD
TTDCHF=X,TTD/CHF
TTDDKK=X,TTD/DKK
TTDEUR=X,TTD/EUR
TTDGBP=X,TTD/GBP
TTDUSD=X,TTD/USD
TTDXDR=X,TTD/XDR
TWD=X,USD/TWD
TWDAED=X,TWD/AED
TWDAUD=X,TWD/AUD
TWDCAD=X,TWD/CAD
TWDCHF=X,TWD/CHF
TWDCNH=X,TWD/CNH
TWDCNY=X,TWD/CNY
TWDCZK=X,TWD/CZK
TWDDKK=X,TWD/DKK
TWDEGP=X,TWD/EGP
TWDEUR=X,TWD/EUR
TWDGBP=X,TWD/GBP
TWDHKD=X,TWD/HKD
TWDHUF=X,TWD/HUF
TWDIDR=X,TWD/IDR
TWDILS=X,TWD/ILS
TWDINR=X,TWD/INR
TWDISK=X,TWD/ISK
TWDJOD=X,TWD/JOD
TWDJPY=X,TWD/JPY
TWDKES=X,TWD/KES
TWDKRW=X,TWD/KRW
TWDKWD=X,TWD/KWD
TWDLKR=X,TWD/LKR
TWDLTL=X,TWD/LTL
TWDLVL=X,TWD/LVL
TWDMAD=X,TWD/MAD
TWDMUR=X,TWD/MUR
TWDMXN=X,TWD/MXN
TWDMYR=X,TWD/MYR
TWDNOK=X,TWD/NOK
TWDNZD=X,TWD/NZD
TWDOMR=X,TWD/OMR
TWDPHP=X,TWD/PHP
TWDPKR=X,TWD/PKR
TWDPLN=X,TWD/PLN
TWDQAR=X,TWD/QAR
TWDRUB=X,TWD/RUB
TWDSAR=X,TWD/SAR
TWDSEK=X,TWD/SEK
TWDSGD=X,TWD/SGD
TWDTHB=X,TWD/THB
TWDTND=X,TWD/TND
TWDTRY=X,TWD/TRY
TWDUSD=X,TWD/USD
TWDZAR=X,TWD/ZAR
TZS=X,USD/TZS
TZSINR=X,TZS/INR
UAH=X,USD/UAH
UAHCHF=X,UAH/CHF
UAHCZK=X,UAH/CZK
UAHEUR=X,UAH/EUR
UAHGBP=X,UAH/GBP
UAHUSD=X,UAH/USD
UGX=X,USD/UGX
UGXAFN=X,UGX/AFN
UGXANG=X,UGX/ANG
UGXARS=X,UGX/ARS
UGXAUD=X,UGX/AUD
UGXBDT=X,UGX/BDT
UGXBGN=X,UGX/BGN
UGXBMD=X,Uganda Shilling (b) vs Bermuda
UGXBRL=X,UGX/BRL
UGXBWP=X,UGX/BWP
UGXCLP=X,UGX/CLP
UGXCNH=X,UGX/CNH
UGXCOP=X,UGX/COP
UGXCZK=X,UGX/CZK
UGXDKK=X,UGX/DKK
UGXEGP=X,UGX/EGP
UGXFJD=X,UGX/FJD
UGXGHS=X,UGX/GHS
UGXHKD=X,UGX/HKD
UGXHUF=X,UGX/HUF
UGXIDR=X,UGX/IDR
UGXILS=X,UGX/ILS
UGXINR=X,UGX/INR
UGXISK=X,UGX/ISK
UGXJPY=X,UGX/JPY
UGXKES=X,UGX/KES
UGXKRW=X,UGX/KRW
UGXKYD=X,UGX/KYD
UGXKZT=X,UGX/KZT
UGXLKR=X,UGX/LKR
UGXMUR=X,UGX/MUR
UGXMWK=X,UGX/MWK
UGXMXN=X,UGX/MXN
UGXMYR=X,UGX/MYR
UGXNAD=X,UGX/NAD
UGXNGN=X,UGXNGN=X
UGXNOK=X,UGX/NOK
UGXNZD=X,UGX/NZD
UGXOMR=X,UGX/OMR
UGXPHP=X,UGX/PHP
UGXPKR=X,UGX/PKR
UGXRON=X,UGX/RON
UGXRSD=X,UGX/RSD
UGXRUB=X,UGX/RUB
UGXRWF=X,UGX/RWF
UGXSBD=X,UGX/SBD
UGXSGD=X,UGX/SGD
UGXTHB=X,UGX/THB
UGXTND=X,UGX/TND
UGXTOP=X,UGX/TOP
UGXTRY=X,UGX/TRY
UGXTWD=X,UGX/TWD
UGXTZS=X,UGX/TZS
UGXVND=X,UGX/VND
UGXWST=X,UGX/WST
UGXXOF=X,UGX/XOF
UGXZAR=X,UGX/ZAR
UGXZMW=X,UGX/ZMW
UGXZWL=X,UGX/ZWL
USD=X,USD/USD
UYU=X,USD/UYU
UYUARS=X,UYU/ARS
UYUBOB=X,UYU/BOB
UYUBRL=X,UYU/BRL
UYUCHF=X,UYU/CHF
UYUCLP=X,UYU/CLP
UYUCOP=X,UYU/COP
UYUEUR=X,UYU/EUR
UYUGBP=X,UYU/GBP
UYUMXN=X,UYU/MXN
UYUPEN=X,UYU/PEN
UYUPYG=X,UYU/PYG
UYUTHB=X,UYU/THB
UYUUSD=X,UYU/USD
UYUVEF=X,UYU/VEF
UZS=X,USD/UZS
VEF=X,USD/VEF
VEFARS=X,VEF/ARS
VEFBOB=X,VEF/BOB
VEFBRL=X,VEF/BRL
VEFCAD=X,VEF/CAD
VEFCHF=X,VEF/CHF
VEFCLP=X,VEF/CLP
VEFCOP=X,VEF/COP
VEFEUR=X,VEF/EUR
VEFGBP=X,VEF/GBP
VEFMXN=X,VEF/MXN
VEFPEN=X,VEF/PEN
VEFPYG=X,VEF/PYG
VEFTHB=X,VEF/THB
VEFUSD=X,VEF/USD
VEFUYU=X,VEF/UYU
VEFXDR=X,VEF/XDR
VND=X,USD/VND
VNDJPY=X,VND/JPY
VNDKRW=X,VND/KRW
VUV=X,USD/VUV
VUVAED=X,VUV/AED
VUVARS=X,VUV/ARS
VUVBMD=X,VUV/BMD
VUVBOB=X,VUV/BOB
VUVBRL=X,VUV/BRL
VUVCAD=X,VUV/CAD
VUVCHF=X,VUV/CHF
VUVCLP=X,VUV/CLP
VUVCOP=X,VUV/COP
VUVEGP=X,VUV/EGP
VUVEUR=X,VUV/EUR
VUVGBP=X,VUV/GBP
VUVILS=X,VUV/ILS
VUVJOD=X,VUV/JOD
VUVMAD=X,VUV/MAD
VUVMUR=X,VUV/MUR
VUVMXN=X,VUV/MXN
VUVNGN=X,VUV/NGN
VUVPEN=X,VUV/PEN
VUVSAR=X,VUV/SAR
VUVUSD=X,VUV/USD
VUVUYU=X,VUV/UYU
VUVVEF=X,VUV/VEF
VUVZAR=X,VUV/ZAR
VUVZWL=X,VUV/ZWL
WST=X,USD/WST
WSTCHF=X,WST/CHF
WSTEUR=X,WST/EUR
WSTGBP=X,WST/GBP
WSTUSD=X,WST/USD
XAF=X,USD/XAF
XAFDKK=X,XAF/DKK
XAG=X,SILVER 1 OZ 999 NY
XCD=X,USD/XCD
XCDCAD=X,XCD/CAD
XCDCHF=X,XCD/CHF
XCDDKK=X,XCD/DKK
XCDEUR=X,XCD/EUR
XCDGBP=X,XCD/GBP
XCDUSD=X,XCD/USD
XCP=X,COPPER HIGHGRADE
XDR=X,USD/XDR
XDRDKK=X,XDR/DKK
XDREUR=X,XDR/EUR
XDRGBP=X,XDR/GBP
XDRLTL=X,XDR/LTL
XDRNOK=X,XDR/NOK
XDRUSD=X,XDR/USD
XOF=X,USD/XOF
XOFDKK=X,XOF/DKK
XOFGHS=X,XOF/GHS
XPF=X,USD/XPF
XPFCAD=X,XPF/CAD
XPFCHF=X,XPF/CHF
XPFEUR=X,XPF/EUR
XPFGBP=X,XPF/GBP
XPFUSD=X,XPF/USD
YER=X,USD/YER
YERTHB=X,YER/THB
ZAR=X,USD/ZAR
ZARAED=X,ZAR/AED
ZARANG=X,ZAR/ANG
ZARAOA=X,ZAR/AOA
ZARAUD=X,ZAR/AUD
ZARBRL=X,ZAR/BRL
ZARBWP=X,ZAR/BWP
ZARCAD=X,ZAR/CAD
ZARCHF=X,ZAR/CHF
ZARCLP=X,ZAR/CLP
ZARCNY=X,ZAR/CNY
ZARCZK=X,ZAR/CZK
ZARDKK=X,ZAR/DKK
ZAREGP=X,ZAR/EGP
ZAREUR=X,ZAR/EUR
ZARGBP=X,ZAR/GBP
ZARGHS=X,ZAR/GHS
ZARHKD=X,ZAR/HKD
ZARHRK=X,ZAR/HRK
ZARHUF=X,ZAR/HUF
ZARIDR=X,ZAR/IDR
ZARILS=X,ZAR/ILS
ZARINR=X,ZAR/INR
ZARISK=X,ZAR/ISK
ZARJOD=X,ZAR/JOD
ZARJPY=X,ZAR/JPY
ZARKES=X,ZAR/KES
ZARKRW=X,ZAR/KRW
ZARKWD=X,ZAR/KWD
ZARLKR=X,ZAR/LKR
ZARLSL=X,ZAR/LSL
ZARLTL=X,ZAR/LTL
ZARLVL=X,ZAR/LVL
ZARMAD=X,ZAR/MAD
ZARMUR=X,ZAR/MUR
ZARMWK=X,ZAR/MWK
ZARMXN=X,ZAR/MXN
ZARMYR=X,ZAR/MYR
ZARNGN=X,ZAR/NGN
ZARNOK=X,ZAR/NOK
ZARNZD=X,ZAR/NZD
ZAROMR=X,ZAR/OMR
ZARPHP=X,ZAR/PHP
ZARPKR=X,ZAR/PKR
ZARPLN=X,ZAR/PLN
ZARQAR=X,ZAR/QAR
ZARRSD=X,ZAR/RSD
ZARRUB=X,ZAR/RUB
ZARSAR=X,ZAR/SAR
ZARSCR=X,ZAR/SCR
ZARSEK=X,ZAR/SEK
ZARSGD=X,ZAR/SGD
ZARSZL=X,ZAR/SZL
ZARTHB=X,ZAR/THB
ZARTND=X,ZAR/TND
ZARTRY=X,ZAR/TRY
ZARTWD=X,ZAR/TWD
ZARUAH=X,ZAR/UAH
ZARUGX=X,ZAR/UGX
ZARUSD=X,ZAR/USD
ZARXDR=X,ZAR/XDR
ZMW=X,USD/ZMW
ZMWCAD=X,ZMW/CAD
ZMWCHF=X,ZMW/CHF
ZMWDKK=X,ZMW/DKK
ZMWEUR=X,ZMW/EUR
ZMWGBP=X,ZMW/GBP
ZMWJPY=X,ZMW/JPY
ZMWUSD=X,ZMW/USD
ZWL=X,USD/ZWL
